{
  "../../../pretrained/livnium-joint-30k/best_model.pt": {
    "full": {
      "acc": 0.82686448097229,
      "recall": {
        "E": 0.8942625522613525,
        "C": 0.8459426760673523,
        "N": 0.7381762266159058
      }
    },
    "grad_v": {
      "1.0": {
        "acc": 0.7972972989082336,
        "recall": {
          "E": 0.9155902862548828,
          "C": 0.6833435297012329,
          "N": 0.791035532951355
        },
        "basin_agreement": 0.8989026546478271
      },
      "5.0": {
        "acc": 0.7973989248275757,
        "recall": {
          "E": 0.9155902862548828,
          "C": 0.6833435297012329,
          "N": 0.7913446426391602
        },
        "basin_agreement": 0.8988010287284851
      },
      "20.0": {
        "acc": 0.7972972989082336,
        "recall": {
          "E": 0.9155902862548828,
          "C": 0.6833435297012329,
          "N": 0.791035532951355
        },
        "basin_agreement": 0.8989026546478271
      }
    },
    "best_beta": 5.0,
    "best_gradv_acc": 0.7973989248275757,
    "delta_vs_full": -0.029465556144714355,
    "geometry": {
      "cos(E,C)": -0.4856467545032501,
      "cos(E,N)": -0.7291619777679443,
      "cos(C,N)": -0.031192660331726074
    }
  },
  "../../../pretrained/livnium-seed1337/epoch_05.pt": {
    "full": {
      "acc": 0.6668360233306885,
      "recall": {
        "E": 0.6004806160926819,
        "C": 0.9414277076721191,
        "N": 0.4568778872489929
      }
    },
    "grad_v": {
      "1.0": {
        "acc": 0.6842105388641357,
        "recall": {
          "E": 0.9116851687431335,
          "C": 0.3328248858451843,
          "N": 0.8061823844909668
        },
        "basin_agreement": 0.5036578178405762
      },
      "5.0": {
        "acc": 0.6839057207107544,
        "recall": {
          "E": 0.9116851687431335,
          "C": 0.3319096863269806,
          "N": 0.8061823844909668
        },
        "basin_agreement": 0.5033529996871948
      },
      "20.0": {
        "acc": 0.6839057207107544,
        "recall": {
          "E": 0.9116851687431335,
          "C": 0.33160462975502014,
          "N": 0.806491494178772
        },
        "basin_agreement": 0.5031497478485107
      }
    },
    "best_beta": 1.0,
    "best_gradv_acc": 0.6842105388641357,
    "delta_vs_full": 0.017374515533447266,
    "geometry": {
      "cos(E,C)": 0.016788259148597717,
      "cos(E,N)": -0.35558998584747314,
      "cos(C,N)": 0.2350136786699295
    }
  },
  "../../../pretrained/livnium-seed7/epoch_03.pt": {
    "full": {
      "acc": 0.6878682971000671,
      "recall": {
        "E": 0.603184163570404,
        "C": 0.9307504296302795,
        "N": 0.5289026498794556
      }
    },
    "grad_v": {
      "1.0": {
        "acc": 0.7017882466316223,
        "recall": {
          "E": 0.9143887162208557,
          "C": 0.38529589772224426,
          "N": 0.8037094473838806
        },
        "basin_agreement": 0.5478561520576477
      },
      "5.0": {
        "acc": 0.7016866207122803,
        "recall": {
          "E": 0.9143887162208557,
          "C": 0.3849908411502838,
          "N": 0.8037094473838806
        },
        "basin_agreement": 0.5477545261383057
      },
      "20.0": {
        "acc": 0.7016866207122803,
        "recall": {
          "E": 0.9143887162208557,
          "C": 0.38468578457832336,
          "N": 0.8040185570716858
        },
        "basin_agreement": 0.5476529002189636
      }
    },
    "best_beta": 1.0,
    "best_gradv_acc": 0.7017882466316223,
    "delta_vs_full": 0.013919949531555176,
    "geometry": {
      "cos(E,C)": -0.02574041113257408,
      "cos(E,N)": -0.39963650703430176,
      "cos(C,N)": 0.18867889046669006
    }
  }
}