size_bytes	modified_epoch	path
5693505	1783293158	/Users/chetanpatil/Desktop/lets_clean_it/livnium/research/vision/model/img_collapse_pure.pt
20505548	1783200053	/Users/chetanpatil/Desktop/lets_clean_it/livnium/research/vision/model/img_cache_64.pt
12314984	1783388627	/Users/chetanpatil/Desktop/lets_clean_it/livnium/research/vision/model/img_cache_rgb_64.pt
91865115	1504292695	/Users/chetanpatil/Desktop/lets_clean_it/livnium/research/vision/data/coco/annotations/captions_train2017.json
6684025	1783393680	/Users/chetanpatil/Desktop/lets_clean_it/livnium/research/exact-gradient/model/chat_reply_pure.pt
80939322	1783394809	/Users/chetanpatil/Desktop/lets_clean_it/livnium/research/exact-gradient/model/chat_reply_pure_full.pt
63488673	1783408974	/Users/chetanpatil/Desktop/lets_clean_it/livnium/research/exact-gradient/model/chat_reply_pure_512_256.pt
53589654	1783154883	/Users/chetanpatil/Desktop/lets_clean_it/livnium/research/chat-brain/model/chat_reply_pure2v.pt
26291491	1783147134	/Users/chetanpatil/Desktop/lets_clean_it/livnium/research/chat-brain/model/chat_reply_pure.pt
109450925	1783145263	/Users/chetanpatil/Desktop/lets_clean_it/livnium/research/chat-brain/model/chat_reply_general.pt
26291513	1783149430	/Users/chetanpatil/Desktop/lets_clean_it/livnium/research/chat-brain/model/chat_reply_clean.pt
105992573	1782946894	/Users/chetanpatil/Desktop/lets_clean_it/livnium/research/chat-brain/model/chat_typer.pt
166176885	1783194048	/Users/chetanpatil/Desktop/lets_clean_it/livnium/research/chat-brain/model/chat_reply_mychats.pt
28421545	1782991290	/Users/chetanpatil/Desktop/lets_clean_it/livnium/research/chat-brain/data/chat_context.tsv
67213906	1783397200	/Users/chetanpatil/Desktop/lets_clean_it/livnium/research/chat-brain/data/chat_context_512_256.tsv
41808480	1782943735	/Users/chetanpatil/Desktop/lets_clean_it/livnium/research/chat-brain/data/chat_sentences.txt
150032064	1783395073	/Users/chetanpatil/Desktop/lets_clean_it/livnium/research/chat-brain/data/chat_context_uncapped.tsv
26233529	1783139565	/Users/chetanpatil/Desktop/lets_clean_it/livnium/research/chat-brain/data/dd_context.tsv
273158043	1770429723	/Users/chetanpatil/Desktop/lets_clean_it/livnium/conversations.json
25638239	1781920048	/Users/chetanpatil/Desktop/lets_clean_it/livnium/archive/reached/models/nli_meaning_forms.pt
12872353	1781920048	/Users/chetanpatil/Desktop/lets_clean_it/livnium/archive/reached/models/nli_meaning_head.pt
21045597	1782047191	/Users/chetanpatil/Desktop/lets_clean_it/livnium/archive/reached/pure-cleaned/model/sentence_typer.pt
24306725	1782058988	/Users/chetanpatil/Desktop/lets_clean_it/livnium/archive/reached/pure-cleaned/model/premise_from_hyp_align_52.pt
24306725	1782062330	/Users/chetanpatil/Desktop/lets_clean_it/livnium/archive/reached/pure-cleaned/model/premise_from_hyp_align_53.pt
24306725	1782061957	/Users/chetanpatil/Desktop/lets_clean_it/livnium/archive/reached/pure-cleaned/model/premise_from_hyp_align.pt
9730457	1767314174	/Users/chetanpatil/Desktop/lets_clean_it/livnium/archive/reached/pure-cleaned/data/snli_1.0_test.jsonl
9745714	1767314174	/Users/chetanpatil/Desktop/lets_clean_it/livnium/archive/reached/pure-cleaned/data/snli_1.0_dev.jsonl
487457790	1767314175	/Users/chetanpatil/Desktop/lets_clean_it/livnium/archive/reached/pure-cleaned/data/snli_1.0_train.jsonl
20483200	1782010505	/Users/chetanpatil/Desktop/lets_clean_it/livnium/archive/reached/pure/embedding.npy
42955343	1782068006	/Users/chetanpatil/Desktop/lets_clean_it/livnium/archive/reached/pure/model/nli_collapse_best.pt
21045597	1781937070	/Users/chetanpatil/Desktop/lets_clean_it/livnium/archive/reached/pure/model/sentence_typer.pt
21044307	1781991408	/Users/chetanpatil/Desktop/lets_clean_it/livnium/archive/reached/pure/model/context_typer.pt
21416851	1782029131	/Users/chetanpatil/Desktop/lets_clean_it/livnium/archive/reached/pure/model/nli_collapse.pt
22992213	1781997549	/Users/chetanpatil/Desktop/lets_clean_it/livnium/archive/reached/pure/model/premise_from_hyp.pt
24306725	1782203049	/Users/chetanpatil/Desktop/lets_clean_it/livnium/archive/reached/pure/model/premise_from_hyp_align_53.pt
24306725	1782050790	/Users/chetanpatil/Desktop/lets_clean_it/livnium/archive/reached/pure/model/premise_from_hyp_align.pt
52614341	1782203049	/Users/chetanpatil/Desktop/lets_clean_it/livnium/archive/reached/pure/collapse_retrain/model_nli_v1/nli_epoch20.pt
42955343	1782237079	/Users/chetanpatil/Desktop/lets_clean_it/livnium/archive/reached/pure/hf_upload/nli_collapse_best.pt
9730457	1782066624	/Users/chetanpatil/Desktop/lets_clean_it/livnium/archive/reached/pure/data/snli_1.0_test.jsonl
9745714	1782066623	/Users/chetanpatil/Desktop/lets_clean_it/livnium/archive/reached/pure/data/snli_1.0_dev.jsonl
487457790	1782062366	/Users/chetanpatil/Desktop/lets_clean_it/livnium/archive/reached/pure/data/snli_1.0_train.jsonl
52614341	1781760118	/Users/chetanpatil/Desktop/lets_clean_it/livnium/models/collapse-nli/model_nli_v1/nli_epoch20.pt
21045533	1781923809	/Users/chetanpatil/Desktop/lets_clean_it/livnium/models/collapse-nli/sentence_typer.pt
25638239	1781919842	/Users/chetanpatil/Desktop/lets_clean_it/livnium/models/collapse-nli/nli_meaning_forms.pt
51339141	1781922359	/Users/chetanpatil/Desktop/lets_clean_it/livnium/models/collapse-nli/nli_meaning_forms_sentence.pt
51338007	1781921443	/Users/chetanpatil/Desktop/lets_clean_it/livnium/models/collapse-nli/nli_meaning_forms_symbols.pt
41501397	1781925418	/Users/chetanpatil/Desktop/lets_clean_it/livnium/models/collapse-nli/nli_meaning_forms_sentence_typer.pt
12872353	1781917016	/Users/chetanpatil/Desktop/lets_clean_it/livnium/models/collapse-nli/nli_meaning_head.pt
24306725	1782203386	/Users/chetanpatil/Desktop/lets_clean_it/livnium/models/premise-generator/model/premise_from_hyp_align_53.pt
104704445	1783132207	/Users/chetanpatil/Desktop/lets_clean_it/livnium/models/noun-collapse/model/noun_collapse_pure.pt
21176256	1781370085	/Users/chetanpatil/Desktop/test/_ORGANIZED/02_Experiments/NLI-Language/_rung2_emb.npz
14333467	1781362320	/Users/chetanpatil/Desktop/test/anli_data/anli_train_r3.parquet
6527557	1781362320	/Users/chetanpatil/Desktop/test/anli_data/anli_train_r2.parquet
486635036	1762713004	/Users/chetanpatil/Desktop/test/data-bank/snli_1.0_train_cleaned.jsonl
3500309417	1770443748	/Users/chetanpatil/Desktop/test/data-bank/rf_dynamics_n6.pkl
25803484989	1764775718	/Users/chetanpatil/Desktop/test/data-bank/enwiki-latest-pages-articles-multistream.xml.bz2
539209157	1770442302	/Users/chetanpatil/Desktop/test/data-bank/wiki.train.tokens
487457790	1770637271	/Users/chetanpatil/Desktop/test/data-bank/snli_1.0_train.jsonl
32233856	1781743629	/Users/chetanpatil/Desktop/test/livnium_code_corpus.txt
5326635	1773295760	/Users/chetanpatil/Desktop/test/git-final/ecw-BT/tools/galaxy_map_hd.html
5064753152	1773295735	/Users/chetanpatil/Desktop/test/git-final/ecw-BT/wikipedia/enwiki-latest-pages-articles-multistream.xml.bz2
51200128	1773295762	/Users/chetanpatil/Desktop/test/git-final/ecw-BT/data/V_seed.npy
8229187	1773295762	/Users/chetanpatil/Desktop/test/git-final/ecw-BT/data/mass_table.json
51200128	1773295921	/Users/chetanpatil/Desktop/test/git-final/ecw-BT/data/ecw_bt_vectors.npy
52279071	1773324681	/Users/chetanpatil/Desktop/test/livnium-sacred-v2/snli-models/torque-v1/best_model.pt
52024245	1773318011	/Users/chetanpatil/Desktop/test/livnium-sacred-v2/snli-models/collapse1-static/best_model.pt
52587067	1773318009	/Users/chetanpatil/Desktop/test/livnium-sacred-v2/quantum-embeddings/collapse1/quantum_embeddings_final.pt
52587067	1773318007	/Users/chetanpatil/Desktop/test/livnium-sacred-v2/quantum-embeddings/collapse4/quantum_embeddings_final.pt
53593397	1773335662	/Users/chetanpatil/Desktop/test/livnium-sacred-v2/system/snli/nova_eye/model/torque-256-memory/best_model.pt
53038559	1773335660	/Users/chetanpatil/Desktop/test/livnium-sacred-v2/system/snli/nova_eye/model/torque-replace-256/best_model.pt
53593397	1773330818	/Users/chetanpatil/Desktop/test/livnium-sacred-v2/system/snli/nova_v3/model/torque-256-memory/best_model.pt
53038559	1773328360	/Users/chetanpatil/Desktop/test/livnium-sacred-v2/system/snli/nova_v3/model/torque-replace-256/best_model.pt
9730457	1773318025	/Users/chetanpatil/Desktop/test/livnium-sacred-v2/data/snli/snli_1.0_test.jsonl
9745714	1773318025	/Users/chetanpatil/Desktop/test/livnium-sacred-v2/data/snli/snli_1.0_dev.jsonl
487457790	1773318025	/Users/chetanpatil/Desktop/test/livnium-sacred-v2/data/snli/snli_1.0_train.jsonl
52719263	1772933906	/Users/chetanpatil/Desktop/test/lab/nova-snli/physics_embed/model_full_physics copy/physics_embed_epoch1.pt
52719331	1772934099	/Users/chetanpatil/Desktop/test/lab/nova-snli/physics_embed/model_full_physics/physics_embeddings_final.pt
52719263	1772933906	/Users/chetanpatil/Desktop/test/lab/nova-snli/physics_embed/model_full_physics/physics_embed_epoch1.pt
13968433	1772920980	/Users/chetanpatil/Desktop/test/lab/nova-snli/physics_embed/model_smoke_physics/physics_embeddings_final.pt
13968489	1772920980	/Users/chetanpatil/Desktop/test/lab/nova-snli/physics_embed/model_smoke_physics/physics_embed_epoch1.pt
155352757	1772934556	/Users/chetanpatil/Desktop/test/lab/nova-snli/nova_v3/model/snli_physics/best_model.pt
9730457	1767731170	/Users/chetanpatil/Desktop/test/lab/nova-snli/nova_v3/data/snli/snli_1.0_test.jsonl
9745714	1767731170	/Users/chetanpatil/Desktop/test/lab/nova-snli/nova_v3/data/snli/snli_1.0_dev.jsonl
487457790	1767731171	/Users/chetanpatil/Desktop/test/lab/nova-snli/nova_v3/data/snli/snli_1.0_train.jsonl
9745714	1770637271	/Users/chetanpatil/Desktop/test/lab/cleaned/nli/data/snli/snli_1.0_dev.jsonl
9730457	1767314174	/Users/chetanpatil/Desktop/test/lab/embedding/data/snli_1.0_test.jsonl
9745714	1767314174	/Users/chetanpatil/Desktop/test/lab/embedding/data/snli_1.0_dev.jsonl
487457790	1767314175	/Users/chetanpatil/Desktop/test/lab/embedding/data/snli_1.0_train.jsonl
91325226	1762082606	/Users/chetanpatil/Desktop/test/lab/nova/semantic_decoder_trained.pt
487457790	1762075809	/Users/chetanpatil/Desktop/test/lab/nova/data/snli_1.0_train.jsonl
9730457	1439832866	/Users/chetanpatil/Desktop/test/lab/infected/untitled folder/clean-nova-2.0/data/snli_1.0_test.jsonl
487457790	1762075809	/Users/chetanpatil/Desktop/test/lab/infected/untitled folder/clean-nova-2.0/data/snli_1.0_train.jsonl
17525620	1770443748	/Users/chetanpatil/Desktop/test/lab/infected/rule30/PHASE11/results/global_reconstructor_n6_w32.pkl
120960128	1770443748	/Users/chetanpatil/Desktop/test/lab/infected/rule30/PHASE11/results/patch_x_63d.npy
22052783	1770443748	/Users/chetanpatil/Desktop/test/lab/infected/rule30/PHASE11/results/n8_perfect_decoder.pkl
25200128	1770443748	/Users/chetanpatil/Desktop/test/lab/infected/rule30/PHASE11/results/global_x_63d.npy
17716624	1770443746	/Users/chetanpatil/Desktop/test/lab/infected/rule30/PHASE10/results/nonlinear_dynamics_raw_n6.pkl
10080128	1770443749	/Users/chetanpatil/Desktop/test/lab/infected/rule30/PHASE9/results/trajectory_free_n6.npy
104000128	1770443749	/Users/chetanpatil/Desktop/test/lab/infected/rule30/PHASE9/results/trajectory_full_n6_large.npy
20800128	1770443749	/Users/chetanpatil/Desktop/test/lab/infected/rule30/PHASE9/results/trajectory_full_n6.npy
50400128	1770443749	/Users/chetanpatil/Desktop/test/lab/infected/rule30/PHASE9/results/trajectory_free_n6_large.npy
12400128	1770443749	/Users/chetanpatil/Desktop/test/lab/infected/rule30/PHASE8/results/trajectory_free_n5_large.npy
26400128	1770443749	/Users/chetanpatil/Desktop/test/lab/infected/rule30/PHASE8/results/trajectory_full_n5_large.npy
209715158	1765390182	/Users/chetanpatil/Desktop/test/lab/infected/ecw-BT/wikipedia/wiki_extractor_src/extracted/AA/wiki_73
209705622	1765391936	/Users/chetanpatil/Desktop/test/lab/infected/ecw-BT/wikipedia/wiki_extractor_src/extracted/AA/wiki_87
209714280	1765391063	/Users/chetanpatil/Desktop/test/lab/infected/ecw-BT/wikipedia/wiki_extractor_src/extracted/AA/wiki_80
209671084	1765390305	/Users/chetanpatil/Desktop/test/lab/infected/ecw-BT/wikipedia/wiki_extractor_src/extracted/AA/wiki_74
209713001	1765392209	/Users/chetanpatil/Desktop/test/lab/infected/ecw-BT/wikipedia/wiki_extractor_src/extracted/AA/wiki_89
209715164	1765386720	/Users/chetanpatil/Desktop/test/lab/infected/ecw-BT/wikipedia/wiki_extractor_src/extracted/AA/wiki_42
209715091	1765387028	/Users/chetanpatil/Desktop/test/lab/infected/ecw-BT/wikipedia/wiki_extractor_src/extracted/AA/wiki_45
209710084	1765384452	/Users/chetanpatil/Desktop/test/lab/infected/ecw-BT/wikipedia/wiki_extractor_src/extracted/AA/wiki_11
209699076	1765384701	/Users/chetanpatil/Desktop/test/lab/infected/ecw-BT/wikipedia/wiki_extractor_src/extracted/AA/wiki_16
209714461	1765385521	/Users/chetanpatil/Desktop/test/lab/infected/ecw-BT/wikipedia/wiki_extractor_src/extracted/AA/wiki_29
209712764	1765384927	/Users/chetanpatil/Desktop/test/lab/infected/ecw-BT/wikipedia/wiki_extractor_src/extracted/AA/wiki_20
209714659	1765385375	/Users/chetanpatil/Desktop/test/lab/infected/ecw-BT/wikipedia/wiki_extractor_src/extracted/AA/wiki_27
209715098	1765384811	/Users/chetanpatil/Desktop/test/lab/infected/ecw-BT/wikipedia/wiki_extractor_src/extracted/AA/wiki_18
209713535	1765386921	/Users/chetanpatil/Desktop/test/lab/infected/ecw-BT/wikipedia/wiki_extractor_src/extracted/AA/wiki_44
209701808	1765392065	/Users/chetanpatil/Desktop/test/lab/infected/ecw-BT/wikipedia/wiki_extractor_src/extracted/AA/wiki_88
209713849	1765386816	/Users/chetanpatil/Desktop/test/lab/infected/ecw-BT/wikipedia/wiki_extractor_src/extracted/AA/wiki_43
209713230	1765390423	/Users/chetanpatil/Desktop/test/lab/infected/ecw-BT/wikipedia/wiki_extractor_src/extracted/AA/wiki_75
209715171	1765391188	/Users/chetanpatil/Desktop/test/lab/infected/ecw-BT/wikipedia/wiki_extractor_src/extracted/AA/wiki_81
209713815	1765391810	/Users/chetanpatil/Desktop/test/lab/infected/ecw-BT/wikipedia/wiki_extractor_src/extracted/AA/wiki_86
209714489	1765390042	/Users/chetanpatil/Desktop/test/lab/infected/ecw-BT/wikipedia/wiki_extractor_src/extracted/AA/wiki_72
209672299	1765385305	/Users/chetanpatil/Desktop/test/lab/infected/ecw-BT/wikipedia/wiki_extractor_src/extracted/AA/wiki_26
209709189	1765384868	/Users/chetanpatil/Desktop/test/lab/infected/ecw-BT/wikipedia/wiki_extractor_src/extracted/AA/wiki_19
209654371	1765384985	/Users/chetanpatil/Desktop/test/lab/infected/ecw-BT/wikipedia/wiki_extractor_src/extracted/AA/wiki_21
209710012	1765384755	/Users/chetanpatil/Desktop/test/lab/infected/ecw-BT/wikipedia/wiki_extractor_src/extracted/AA/wiki_17
209707952	1765385449	/Users/chetanpatil/Desktop/test/lab/infected/ecw-BT/wikipedia/wiki_extractor_src/extracted/AA/wiki_28
209710761	1765384402	/Users/chetanpatil/Desktop/test/lab/infected/ecw-BT/wikipedia/wiki_extractor_src/extracted/AA/wiki_10
209685684	1765385757	/Users/chetanpatil/Desktop/test/lab/infected/ecw-BT/wikipedia/wiki_extractor_src/extracted/AA/wiki_32
209714072	1765386001	/Users/chetanpatil/Desktop/test/lab/infected/ecw-BT/wikipedia/wiki_extractor_src/extracted/AA/wiki_35
209708111	1765384143	/Users/chetanpatil/Desktop/test/lab/infected/ecw-BT/wikipedia/wiki_extractor_src/extracted/AA/wiki_03
209670331	1765384175	/Users/chetanpatil/Desktop/test/lab/infected/ecw-BT/wikipedia/wiki_extractor_src/extracted/AA/wiki_04
209713963	1765387545	/Users/chetanpatil/Desktop/test/lab/infected/ecw-BT/wikipedia/wiki_extractor_src/extracted/AA/wiki_50
209713026	1765388324	/Users/chetanpatil/Desktop/test/lab/infected/ecw-BT/wikipedia/wiki_extractor_src/extracted/AA/wiki_57
209715157	1765389595	/Users/chetanpatil/Desktop/test/lab/infected/ecw-BT/wikipedia/wiki_extractor_src/extracted/AA/wiki_68
209711909	1765388771	/Users/chetanpatil/Desktop/test/lab/infected/ecw-BT/wikipedia/wiki_extractor_src/extracted/AA/wiki_61
209712617	1765392964	/Users/chetanpatil/Desktop/test/lab/infected/ecw-BT/wikipedia/wiki_extractor_src/extracted/AA/wiki_95
209714871	1765392597	/Users/chetanpatil/Desktop/test/lab/infected/ecw-BT/wikipedia/wiki_extractor_src/extracted/AA/wiki_92
209713661	1765389356	/Users/chetanpatil/Desktop/test/lab/infected/ecw-BT/wikipedia/wiki_extractor_src/extracted/AA/wiki_66
209715093	1765388540	/Users/chetanpatil/Desktop/test/lab/infected/ecw-BT/wikipedia/wiki_extractor_src/extracted/AA/wiki_59
209692888	1765384208	/Users/chetanpatil/Desktop/test/lab/infected/ecw-BT/wikipedia/wiki_extractor_src/extracted/AA/wiki_05
209709725	1765384109	/Users/chetanpatil/Desktop/test/lab/infected/ecw-BT/wikipedia/wiki_extractor_src/extracted/AA/wiki_02
209712508	1765385919	/Users/chetanpatil/Desktop/test/lab/infected/ecw-BT/wikipedia/wiki_extractor_src/extracted/AA/wiki_34
209703601	1765385837	/Users/chetanpatil/Desktop/test/lab/infected/ecw-BT/wikipedia/wiki_extractor_src/extracted/AA/wiki_33
209713960	1765389471	/Users/chetanpatil/Desktop/test/lab/infected/ecw-BT/wikipedia/wiki_extractor_src/extracted/AA/wiki_67
209714807	1765392719	/Users/chetanpatil/Desktop/test/lab/infected/ecw-BT/wikipedia/wiki_extractor_src/extracted/AA/wiki_93
209712645	1765388434	/Users/chetanpatil/Desktop/test/lab/infected/ecw-BT/wikipedia/wiki_extractor_src/extracted/AA/wiki_58
209701377	1765392843	/Users/chetanpatil/Desktop/test/lab/infected/ecw-BT/wikipedia/wiki_extractor_src/extracted/AA/wiki_94
209714507	1765388655	/Users/chetanpatil/Desktop/test/lab/infected/ecw-BT/wikipedia/wiki_extractor_src/extracted/AA/wiki_60
209692563	1765388219	/Users/chetanpatil/Desktop/test/lab/infected/ecw-BT/wikipedia/wiki_extractor_src/extracted/AA/wiki_56
209714859	1765389703	/Users/chetanpatil/Desktop/test/lab/infected/ecw-BT/wikipedia/wiki_extractor_src/extracted/AA/wiki_69
209711539	1765387645	/Users/chetanpatil/Desktop/test/lab/infected/ecw-BT/wikipedia/wiki_extractor_src/extracted/AA/wiki_51
209712843	1765384651	/Users/chetanpatil/Desktop/test/lab/infected/ecw-BT/wikipedia/wiki_extractor_src/extracted/AA/wiki_15
209701668	1765384505	/Users/chetanpatil/Desktop/test/lab/infected/ecw-BT/wikipedia/wiki_extractor_src/extracted/AA/wiki_12
209714948	1765385169	/Users/chetanpatil/Desktop/test/lab/infected/ecw-BT/wikipedia/wiki_extractor_src/extracted/AA/wiki_24
209714943	1765385104	/Users/chetanpatil/Desktop/test/lab/infected/ecw-BT/wikipedia/wiki_extractor_src/extracted/AA/wiki_23
209712281	1765387330	/Users/chetanpatil/Desktop/test/lab/infected/ecw-BT/wikipedia/wiki_extractor_src/extracted/AA/wiki_48
209714814	1765391446	/Users/chetanpatil/Desktop/test/lab/infected/ecw-BT/wikipedia/wiki_extractor_src/extracted/AA/wiki_83
209714021	1765390682	/Users/chetanpatil/Desktop/test/lab/infected/ecw-BT/wikipedia/wiki_extractor_src/extracted/AA/wiki_77
209714701	1765389812	/Users/chetanpatil/Desktop/test/lab/infected/ecw-BT/wikipedia/wiki_extractor_src/extracted/AA/wiki_70
209652445	1765391566	/Users/chetanpatil/Desktop/test/lab/infected/ecw-BT/wikipedia/wiki_extractor_src/extracted/AA/wiki_84
209715074	1765390931	/Users/chetanpatil/Desktop/test/lab/infected/ecw-BT/wikipedia/wiki_extractor_src/extracted/AA/wiki_79
209667657	1765387125	/Users/chetanpatil/Desktop/test/lab/infected/ecw-BT/wikipedia/wiki_extractor_src/extracted/AA/wiki_46
209714875	1765386584	/Users/chetanpatil/Desktop/test/lab/infected/ecw-BT/wikipedia/wiki_extractor_src/extracted/AA/wiki_41
209698506	1765385043	/Users/chetanpatil/Desktop/test/lab/infected/ecw-BT/wikipedia/wiki_extractor_src/extracted/AA/wiki_22
209690704	1765385236	/Users/chetanpatil/Desktop/test/lab/infected/ecw-BT/wikipedia/wiki_extractor_src/extracted/AA/wiki_25
209714321	1765384552	/Users/chetanpatil/Desktop/test/lab/infected/ecw-BT/wikipedia/wiki_extractor_src/extracted/AA/wiki_13
209714437	1765384599	/Users/chetanpatil/Desktop/test/lab/infected/ecw-BT/wikipedia/wiki_extractor_src/extracted/AA/wiki_14
209713591	1765386477	/Users/chetanpatil/Desktop/test/lab/infected/ecw-BT/wikipedia/wiki_extractor_src/extracted/AA/wiki_40
209713508	1765390804	/Users/chetanpatil/Desktop/test/lab/infected/ecw-BT/wikipedia/wiki_extractor_src/extracted/AA/wiki_78
209706304	1765387221	/Users/chetanpatil/Desktop/test/lab/infected/ecw-BT/wikipedia/wiki_extractor_src/extracted/AA/wiki_47
209714863	1765391684	/Users/chetanpatil/Desktop/test/lab/infected/ecw-BT/wikipedia/wiki_extractor_src/extracted/AA/wiki_85
209706108	1765389929	/Users/chetanpatil/Desktop/test/lab/infected/ecw-BT/wikipedia/wiki_extractor_src/extracted/AA/wiki_71
209707266	1765387445	/Users/chetanpatil/Desktop/test/lab/infected/ecw-BT/wikipedia/wiki_extractor_src/extracted/AA/wiki_49
209704750	1765390540	/Users/chetanpatil/Desktop/test/lab/infected/ecw-BT/wikipedia/wiki_extractor_src/extracted/AA/wiki_76
209713282	1765391320	/Users/chetanpatil/Desktop/test/lab/infected/ecw-BT/wikipedia/wiki_extractor_src/extracted/AA/wiki_82
209712133	1765387990	/Users/chetanpatil/Desktop/test/lab/infected/ecw-BT/wikipedia/wiki_extractor_src/extracted/AA/wiki_54
209708134	1765387860	/Users/chetanpatil/Desktop/test/lab/infected/ecw-BT/wikipedia/wiki_extractor_src/extracted/AA/wiki_53
140553687	1765393298	/Users/chetanpatil/Desktop/test/lab/infected/ecw-BT/wikipedia/wiki_extractor_src/extracted/AA/wiki_98
209712733	1765392471	/Users/chetanpatil/Desktop/test/lab/infected/ecw-BT/wikipedia/wiki_extractor_src/extracted/AA/wiki_91
209704307	1765389243	/Users/chetanpatil/Desktop/test/lab/infected/ecw-BT/wikipedia/wiki_extractor_src/extracted/AA/wiki_65
209715161	1765388896	/Users/chetanpatil/Desktop/test/lab/infected/ecw-BT/wikipedia/wiki_extractor_src/extracted/AA/wiki_62
209699806	1765393091	/Users/chetanpatil/Desktop/test/lab/infected/ecw-BT/wikipedia/wiki_extractor_src/extracted/AA/wiki_96
209709480	1765384359	/Users/chetanpatil/Desktop/test/lab/infected/ecw-BT/wikipedia/wiki_extractor_src/extracted/AA/wiki_09
209714661	1765386085	/Users/chetanpatil/Desktop/test/lab/infected/ecw-BT/wikipedia/wiki_extractor_src/extracted/AA/wiki_36
209708169	1765385677	/Users/chetanpatil/Desktop/test/lab/infected/ecw-BT/wikipedia/wiki_extractor_src/extracted/AA/wiki_31
209713516	1765386273	/Users/chetanpatil/Desktop/test/lab/infected/ecw-BT/wikipedia/wiki_extractor_src/extracted/AA/wiki_38
209707066	1765384278	/Users/chetanpatil/Desktop/test/lab/infected/ecw-BT/wikipedia/wiki_extractor_src/extracted/AA/wiki_07
209713461	1765384054	/Users/chetanpatil/Desktop/test/lab/infected/ecw-BT/wikipedia/wiki_extractor_src/extracted/AA/wiki_00
209651672	1765393215	/Users/chetanpatil/Desktop/test/lab/infected/ecw-BT/wikipedia/wiki_extractor_src/extracted/AA/wiki_97
209709270	1765389014	/Users/chetanpatil/Desktop/test/lab/infected/ecw-BT/wikipedia/wiki_extractor_src/extracted/AA/wiki_63
209714013	1765389126	/Users/chetanpatil/Desktop/test/lab/infected/ecw-BT/wikipedia/wiki_extractor_src/extracted/AA/wiki_64
209713917	1765392341	/Users/chetanpatil/Desktop/test/lab/infected/ecw-BT/wikipedia/wiki_extractor_src/extracted/AA/wiki_90
209711185	1765387747	/Users/chetanpatil/Desktop/test/lab/infected/ecw-BT/wikipedia/wiki_extractor_src/extracted/AA/wiki_52
209712054	1765388111	/Users/chetanpatil/Desktop/test/lab/infected/ecw-BT/wikipedia/wiki_extractor_src/extracted/AA/wiki_55
209705890	1765384081	/Users/chetanpatil/Desktop/test/lab/infected/ecw-BT/wikipedia/wiki_extractor_src/extracted/AA/wiki_01
209714857	1765386371	/Users/chetanpatil/Desktop/test/lab/infected/ecw-BT/wikipedia/wiki_extractor_src/extracted/AA/wiki_39
209696630	1765384242	/Users/chetanpatil/Desktop/test/lab/infected/ecw-BT/wikipedia/wiki_extractor_src/extracted/AA/wiki_06
209713109	1765385596	/Users/chetanpatil/Desktop/test/lab/infected/ecw-BT/wikipedia/wiki_extractor_src/extracted/AA/wiki_30
209700068	1765384316	/Users/chetanpatil/Desktop/test/lab/infected/ecw-BT/wikipedia/wiki_extractor_src/extracted/AA/wiki_08
209712770	1765386178	/Users/chetanpatil/Desktop/test/lab/infected/ecw-BT/wikipedia/wiki_extractor_src/extracted/AA/wiki_37
47158211	1765454933	/Users/chetanpatil/Desktop/test/lab/infected/ecw-BT/data/mass_table.json
17525620	1770443748	/Users/chetanpatil/Desktop/test/lab/infected/realcore/learn/rule30/PHASE11/results/global_reconstructor_n6_w32.pkl
120960128	1770443748	/Users/chetanpatil/Desktop/test/lab/infected/realcore/learn/rule30/PHASE11/results/patch_x_63d.npy
22052783	1770443748	/Users/chetanpatil/Desktop/test/lab/infected/realcore/learn/rule30/PHASE11/results/n8_perfect_decoder.pkl
25200128	1770443748	/Users/chetanpatil/Desktop/test/lab/infected/realcore/learn/rule30/PHASE11/results/global_x_63d.npy
17716624	1770443746	/Users/chetanpatil/Desktop/test/lab/infected/realcore/learn/rule30/PHASE10/results/nonlinear_dynamics_raw_n6.pkl
10080128	1770443749	/Users/chetanpatil/Desktop/test/lab/infected/realcore/learn/rule30/PHASE9/results/trajectory_free_n6.npy
104000128	1770443749	/Users/chetanpatil/Desktop/test/lab/infected/realcore/learn/rule30/PHASE9/results/trajectory_full_n6_large.npy
20800128	1770443749	/Users/chetanpatil/Desktop/test/lab/infected/realcore/learn/rule30/PHASE9/results/trajectory_full_n6.npy
50400128	1770443749	/Users/chetanpatil/Desktop/test/lab/infected/realcore/learn/rule30/PHASE9/results/trajectory_free_n6_large.npy
12400128	1770443749	/Users/chetanpatil/Desktop/test/lab/infected/realcore/learn/rule30/PHASE8/results/trajectory_free_n5_large.npy
26400128	1770443749	/Users/chetanpatil/Desktop/test/lab/infected/realcore/learn/rule30/PHASE8/results/trajectory_full_n5_large.npy
52024245	1773317027	/Users/chetanpatil/Desktop/test/lab/infected/Archive/nova_v3/model/snli_quantum_collapse1/best_model.pt
9730457	1764538390	/Users/chetanpatil/Desktop/test/lab/infected/Archive/nova_v3/data/snli/snli_1.0_test.jsonl
9745714	1764538390	/Users/chetanpatil/Desktop/test/lab/infected/Archive/nova_v3/data/snli/snli_1.0_dev.jsonl
487457790	1764538390	/Users/chetanpatil/Desktop/test/lab/infected/Archive/nova_v3/data/snli/snli_1.0_train.jsonl
9730457	1765531145	/Users/chetanpatil/Desktop/test/lab/infected/python/clean=noba=back/arch-archive/experiments/NLI-ALL/nli/data/snli_1.0_test.jsonl
9745714	1765531145	/Users/chetanpatil/Desktop/test/lab/infected/python/clean=noba=back/arch-archive/experiments/NLI-ALL/nli/data/snli_1.0_dev.jsonl
487457790	1765531146	/Users/chetanpatil/Desktop/test/lab/infected/python/clean=noba=back/arch-archive/experiments/NLI-ALL/nli/data/snli_1.0_train.jsonl
9730457	1765531146	/Users/chetanpatil/Desktop/test/lab/infected/python/clean=noba=back/arch-archive/experiments/NLI-ALL/nli_v5/data/snli_1.0_test.jsonl
9745714	1765531146	/Users/chetanpatil/Desktop/test/lab/infected/python/clean=noba=back/arch-archive/experiments/NLI-ALL/nli_v5/data/snli_1.0_dev.jsonl
487457790	1765531146	/Users/chetanpatil/Desktop/test/lab/infected/python/clean=noba=back/arch-archive/experiments/NLI-ALL/nli_v5/data/snli_1.0_train.jsonl
437971872	1765531191	/Users/chetanpatil/Desktop/test/lab/infected/python/clean=noba=back/arch-archive/brain/emb_cache/models--sentence-transformers--all-mpnet-base-v2/blobs/78c0197b6159d92658e319bc1d72e4c73a9a03dd03815e70e555c5ef05615658
102371800	1762450068	/Users/chetanpatil/Desktop/test/lab/infected/python/clean-nova/growth/runs/tree_growth_20251106-223844/events.out.tfevents.1762448924.Chetans-MacBook-Pro.local.26719.1
102371800	1762516358	/Users/chetanpatil/Desktop/test/lab/infected/python/clean-nova/growth/runs/tree_growth_20251107-171439/events.out.tfevents.1762515879.Chetans-MacBook-Pro.local.56551.1
87247528	1762518977	/Users/chetanpatil/Desktop/test/lab/infected/python/clean-nova/brain/growth_journal.jsonl
9730457	1439832866	/Users/chetanpatil/Desktop/test/lab/infected/python/clean-nova/data/snli_1.0_test.jsonl
487457790	1762075809	/Users/chetanpatil/Desktop/test/lab/infected/python/clean-nova/data/snli_1.0_train.jsonl
14669026	1762519060	/Users/chetanpatil/Desktop/test/lab/infected/python/clean-nova/runs/tree_growth_20251107-180628/events.out.tfevents.1762518988.Chetans-MacBook-Pro.local.59426.1
20793760	1762519184	/Users/chetanpatil/Desktop/test/lab/infected/python/clean-nova/runs/tree_growth_20251107-180811/events.out.tfevents.1762519091.Chetans-MacBook-Pro.local.59576.1
65322214	1762518976	/Users/chetanpatil/Desktop/test/lab/infected/python/clean-nova/runs/tree_growth_20251107-180204/events.out.tfevents.1762518724.Chetans-MacBook-Pro.local.59186.1
36348838	1762519375	/Users/chetanpatil/Desktop/test/lab/infected/python/clean-nova/runs/tree_growth_20251107-181031/events.out.tfevents.1762519231.Chetans-MacBook-Pro.local.59891.1
273158043	1767167755	/Users/chetanpatil/Desktop/test/lab/infected/python/clean-nova-livnium/nova/data/conversations.json
141525559	1767168464	/Users/chetanpatil/Desktop/test/lab/infected/python/clean-nova-livnium/nova/data/extracted_dataset.jsonl
5326635	1765753421	/Users/chetanpatil/Desktop/test/lab/infected/python/clean-nova-livnium/archives-local/ecw-BT/tools/galaxy_map_hd.html
209715158	1765390182	/Users/chetanpatil/Desktop/test/lab/infected/python/clean-nova-livnium/archives-local/ecw-BT/wikipedia/wiki_extractor_src/extracted/AA/wiki_73
209705622	1765391936	/Users/chetanpatil/Desktop/test/lab/infected/python/clean-nova-livnium/archives-local/ecw-BT/wikipedia/wiki_extractor_src/extracted/AA/wiki_87
209714280	1765391063	/Users/chetanpatil/Desktop/test/lab/infected/python/clean-nova-livnium/archives-local/ecw-BT/wikipedia/wiki_extractor_src/extracted/AA/wiki_80
209671084	1765390305	/Users/chetanpatil/Desktop/test/lab/infected/python/clean-nova-livnium/archives-local/ecw-BT/wikipedia/wiki_extractor_src/extracted/AA/wiki_74
209713001	1765392209	/Users/chetanpatil/Desktop/test/lab/infected/python/clean-nova-livnium/archives-local/ecw-BT/wikipedia/wiki_extractor_src/extracted/AA/wiki_89
209715164	1765386720	/Users/chetanpatil/Desktop/test/lab/infected/python/clean-nova-livnium/archives-local/ecw-BT/wikipedia/wiki_extractor_src/extracted/AA/wiki_42
209715091	1765387028	/Users/chetanpatil/Desktop/test/lab/infected/python/clean-nova-livnium/archives-local/ecw-BT/wikipedia/wiki_extractor_src/extracted/AA/wiki_45
209710084	1765384452	/Users/chetanpatil/Desktop/test/lab/infected/python/clean-nova-livnium/archives-local/ecw-BT/wikipedia/wiki_extractor_src/extracted/AA/wiki_11
209699076	1765384701	/Users/chetanpatil/Desktop/test/lab/infected/python/clean-nova-livnium/archives-local/ecw-BT/wikipedia/wiki_extractor_src/extracted/AA/wiki_16
209714461	1765385521	/Users/chetanpatil/Desktop/test/lab/infected/python/clean-nova-livnium/archives-local/ecw-BT/wikipedia/wiki_extractor_src/extracted/AA/wiki_29
209712764	1765384927	/Users/chetanpatil/Desktop/test/lab/infected/python/clean-nova-livnium/archives-local/ecw-BT/wikipedia/wiki_extractor_src/extracted/AA/wiki_20
209714659	1765385375	/Users/chetanpatil/Desktop/test/lab/infected/python/clean-nova-livnium/archives-local/ecw-BT/wikipedia/wiki_extractor_src/extracted/AA/wiki_27
209715098	1765384811	/Users/chetanpatil/Desktop/test/lab/infected/python/clean-nova-livnium/archives-local/ecw-BT/wikipedia/wiki_extractor_src/extracted/AA/wiki_18
209713535	1765386921	/Users/chetanpatil/Desktop/test/lab/infected/python/clean-nova-livnium/archives-local/ecw-BT/wikipedia/wiki_extractor_src/extracted/AA/wiki_44
209701808	1765392065	/Users/chetanpatil/Desktop/test/lab/infected/python/clean-nova-livnium/archives-local/ecw-BT/wikipedia/wiki_extractor_src/extracted/AA/wiki_88
209713849	1765386816	/Users/chetanpatil/Desktop/test/lab/infected/python/clean-nova-livnium/archives-local/ecw-BT/wikipedia/wiki_extractor_src/extracted/AA/wiki_43
209713230	1765390423	/Users/chetanpatil/Desktop/test/lab/infected/python/clean-nova-livnium/archives-local/ecw-BT/wikipedia/wiki_extractor_src/extracted/AA/wiki_75
209715171	1765391188	/Users/chetanpatil/Desktop/test/lab/infected/python/clean-nova-livnium/archives-local/ecw-BT/wikipedia/wiki_extractor_src/extracted/AA/wiki_81
209713815	1765391810	/Users/chetanpatil/Desktop/test/lab/infected/python/clean-nova-livnium/archives-local/ecw-BT/wikipedia/wiki_extractor_src/extracted/AA/wiki_86
209714489	1765390042	/Users/chetanpatil/Desktop/test/lab/infected/python/clean-nova-livnium/archives-local/ecw-BT/wikipedia/wiki_extractor_src/extracted/AA/wiki_72
209672299	1765385305	/Users/chetanpatil/Desktop/test/lab/infected/python/clean-nova-livnium/archives-local/ecw-BT/wikipedia/wiki_extractor_src/extracted/AA/wiki_26
209709189	1765384868	/Users/chetanpatil/Desktop/test/lab/infected/python/clean-nova-livnium/archives-local/ecw-BT/wikipedia/wiki_extractor_src/extracted/AA/wiki_19
209654371	1765384985	/Users/chetanpatil/Desktop/test/lab/infected/python/clean-nova-livnium/archives-local/ecw-BT/wikipedia/wiki_extractor_src/extracted/AA/wiki_21
209710012	1765384755	/Users/chetanpatil/Desktop/test/lab/infected/python/clean-nova-livnium/archives-local/ecw-BT/wikipedia/wiki_extractor_src/extracted/AA/wiki_17
209707952	1765385449	/Users/chetanpatil/Desktop/test/lab/infected/python/clean-nova-livnium/archives-local/ecw-BT/wikipedia/wiki_extractor_src/extracted/AA/wiki_28
209710761	1765384402	/Users/chetanpatil/Desktop/test/lab/infected/python/clean-nova-livnium/archives-local/ecw-BT/wikipedia/wiki_extractor_src/extracted/AA/wiki_10
209685684	1765385757	/Users/chetanpatil/Desktop/test/lab/infected/python/clean-nova-livnium/archives-local/ecw-BT/wikipedia/wiki_extractor_src/extracted/AA/wiki_32
209714072	1765386001	/Users/chetanpatil/Desktop/test/lab/infected/python/clean-nova-livnium/archives-local/ecw-BT/wikipedia/wiki_extractor_src/extracted/AA/wiki_35
209708111	1765384143	/Users/chetanpatil/Desktop/test/lab/infected/python/clean-nova-livnium/archives-local/ecw-BT/wikipedia/wiki_extractor_src/extracted/AA/wiki_03
209670331	1765384175	/Users/chetanpatil/Desktop/test/lab/infected/python/clean-nova-livnium/archives-local/ecw-BT/wikipedia/wiki_extractor_src/extracted/AA/wiki_04
209713963	1765387545	/Users/chetanpatil/Desktop/test/lab/infected/python/clean-nova-livnium/archives-local/ecw-BT/wikipedia/wiki_extractor_src/extracted/AA/wiki_50
209713026	1765388324	/Users/chetanpatil/Desktop/test/lab/infected/python/clean-nova-livnium/archives-local/ecw-BT/wikipedia/wiki_extractor_src/extracted/AA/wiki_57
209715157	1765389595	/Users/chetanpatil/Desktop/test/lab/infected/python/clean-nova-livnium/archives-local/ecw-BT/wikipedia/wiki_extractor_src/extracted/AA/wiki_68
209711909	1765388771	/Users/chetanpatil/Desktop/test/lab/infected/python/clean-nova-livnium/archives-local/ecw-BT/wikipedia/wiki_extractor_src/extracted/AA/wiki_61
209712617	1765392964	/Users/chetanpatil/Desktop/test/lab/infected/python/clean-nova-livnium/archives-local/ecw-BT/wikipedia/wiki_extractor_src/extracted/AA/wiki_95
209714871	1765392597	/Users/chetanpatil/Desktop/test/lab/infected/python/clean-nova-livnium/archives-local/ecw-BT/wikipedia/wiki_extractor_src/extracted/AA/wiki_92
209713661	1765389356	/Users/chetanpatil/Desktop/test/lab/infected/python/clean-nova-livnium/archives-local/ecw-BT/wikipedia/wiki_extractor_src/extracted/AA/wiki_66
209715093	1765388540	/Users/chetanpatil/Desktop/test/lab/infected/python/clean-nova-livnium/archives-local/ecw-BT/wikipedia/wiki_extractor_src/extracted/AA/wiki_59
209692888	1765384208	/Users/chetanpatil/Desktop/test/lab/infected/python/clean-nova-livnium/archives-local/ecw-BT/wikipedia/wiki_extractor_src/extracted/AA/wiki_05
209709725	1765384109	/Users/chetanpatil/Desktop/test/lab/infected/python/clean-nova-livnium/archives-local/ecw-BT/wikipedia/wiki_extractor_src/extracted/AA/wiki_02
209712508	1765385919	/Users/chetanpatil/Desktop/test/lab/infected/python/clean-nova-livnium/archives-local/ecw-BT/wikipedia/wiki_extractor_src/extracted/AA/wiki_34
209703601	1765385837	/Users/chetanpatil/Desktop/test/lab/infected/python/clean-nova-livnium/archives-local/ecw-BT/wikipedia/wiki_extractor_src/extracted/AA/wiki_33
209713960	1765389471	/Users/chetanpatil/Desktop/test/lab/infected/python/clean-nova-livnium/archives-local/ecw-BT/wikipedia/wiki_extractor_src/extracted/AA/wiki_67
209714807	1765392719	/Users/chetanpatil/Desktop/test/lab/infected/python/clean-nova-livnium/archives-local/ecw-BT/wikipedia/wiki_extractor_src/extracted/AA/wiki_93
209712645	1765388434	/Users/chetanpatil/Desktop/test/lab/infected/python/clean-nova-livnium/archives-local/ecw-BT/wikipedia/wiki_extractor_src/extracted/AA/wiki_58
209701377	1765392843	/Users/chetanpatil/Desktop/test/lab/infected/python/clean-nova-livnium/archives-local/ecw-BT/wikipedia/wiki_extractor_src/extracted/AA/wiki_94
209714507	1765388655	/Users/chetanpatil/Desktop/test/lab/infected/python/clean-nova-livnium/archives-local/ecw-BT/wikipedia/wiki_extractor_src/extracted/AA/wiki_60
209692563	1765388219	/Users/chetanpatil/Desktop/test/lab/infected/python/clean-nova-livnium/archives-local/ecw-BT/wikipedia/wiki_extractor_src/extracted/AA/wiki_56
209714859	1765389703	/Users/chetanpatil/Desktop/test/lab/infected/python/clean-nova-livnium/archives-local/ecw-BT/wikipedia/wiki_extractor_src/extracted/AA/wiki_69
209711539	1765387645	/Users/chetanpatil/Desktop/test/lab/infected/python/clean-nova-livnium/archives-local/ecw-BT/wikipedia/wiki_extractor_src/extracted/AA/wiki_51
209712843	1765384651	/Users/chetanpatil/Desktop/test/lab/infected/python/clean-nova-livnium/archives-local/ecw-BT/wikipedia/wiki_extractor_src/extracted/AA/wiki_15
209701668	1765384505	/Users/chetanpatil/Desktop/test/lab/infected/python/clean-nova-livnium/archives-local/ecw-BT/wikipedia/wiki_extractor_src/extracted/AA/wiki_12
209714948	1765385169	/Users/chetanpatil/Desktop/test/lab/infected/python/clean-nova-livnium/archives-local/ecw-BT/wikipedia/wiki_extractor_src/extracted/AA/wiki_24
209714943	1765385104	/Users/chetanpatil/Desktop/test/lab/infected/python/clean-nova-livnium/archives-local/ecw-BT/wikipedia/wiki_extractor_src/extracted/AA/wiki_23
209712281	1765387330	/Users/chetanpatil/Desktop/test/lab/infected/python/clean-nova-livnium/archives-local/ecw-BT/wikipedia/wiki_extractor_src/extracted/AA/wiki_48
209714814	1765391446	/Users/chetanpatil/Desktop/test/lab/infected/python/clean-nova-livnium/archives-local/ecw-BT/wikipedia/wiki_extractor_src/extracted/AA/wiki_83
209714021	1765390682	/Users/chetanpatil/Desktop/test/lab/infected/python/clean-nova-livnium/archives-local/ecw-BT/wikipedia/wiki_extractor_src/extracted/AA/wiki_77
209714701	1765389812	/Users/chetanpatil/Desktop/test/lab/infected/python/clean-nova-livnium/archives-local/ecw-BT/wikipedia/wiki_extractor_src/extracted/AA/wiki_70
209652445	1765391566	/Users/chetanpatil/Desktop/test/lab/infected/python/clean-nova-livnium/archives-local/ecw-BT/wikipedia/wiki_extractor_src/extracted/AA/wiki_84
209715074	1765390931	/Users/chetanpatil/Desktop/test/lab/infected/python/clean-nova-livnium/archives-local/ecw-BT/wikipedia/wiki_extractor_src/extracted/AA/wiki_79
209667657	1765387125	/Users/chetanpatil/Desktop/test/lab/infected/python/clean-nova-livnium/archives-local/ecw-BT/wikipedia/wiki_extractor_src/extracted/AA/wiki_46
209714875	1765386584	/Users/chetanpatil/Desktop/test/lab/infected/python/clean-nova-livnium/archives-local/ecw-BT/wikipedia/wiki_extractor_src/extracted/AA/wiki_41
209698506	1765385043	/Users/chetanpatil/Desktop/test/lab/infected/python/clean-nova-livnium/archives-local/ecw-BT/wikipedia/wiki_extractor_src/extracted/AA/wiki_22
209690704	1765385236	/Users/chetanpatil/Desktop/test/lab/infected/python/clean-nova-livnium/archives-local/ecw-BT/wikipedia/wiki_extractor_src/extracted/AA/wiki_25
209714321	1765384552	/Users/chetanpatil/Desktop/test/lab/infected/python/clean-nova-livnium/archives-local/ecw-BT/wikipedia/wiki_extractor_src/extracted/AA/wiki_13
209714437	1765384599	/Users/chetanpatil/Desktop/test/lab/infected/python/clean-nova-livnium/archives-local/ecw-BT/wikipedia/wiki_extractor_src/extracted/AA/wiki_14
209713591	1765386477	/Users/chetanpatil/Desktop/test/lab/infected/python/clean-nova-livnium/archives-local/ecw-BT/wikipedia/wiki_extractor_src/extracted/AA/wiki_40
209713508	1765390804	/Users/chetanpatil/Desktop/test/lab/infected/python/clean-nova-livnium/archives-local/ecw-BT/wikipedia/wiki_extractor_src/extracted/AA/wiki_78
209706304	1765387221	/Users/chetanpatil/Desktop/test/lab/infected/python/clean-nova-livnium/archives-local/ecw-BT/wikipedia/wiki_extractor_src/extracted/AA/wiki_47
209714863	1765391684	/Users/chetanpatil/Desktop/test/lab/infected/python/clean-nova-livnium/archives-local/ecw-BT/wikipedia/wiki_extractor_src/extracted/AA/wiki_85
209706108	1765389929	/Users/chetanpatil/Desktop/test/lab/infected/python/clean-nova-livnium/archives-local/ecw-BT/wikipedia/wiki_extractor_src/extracted/AA/wiki_71
209707266	1765387445	/Users/chetanpatil/Desktop/test/lab/infected/python/clean-nova-livnium/archives-local/ecw-BT/wikipedia/wiki_extractor_src/extracted/AA/wiki_49
209704750	1765390540	/Users/chetanpatil/Desktop/test/lab/infected/python/clean-nova-livnium/archives-local/ecw-BT/wikipedia/wiki_extractor_src/extracted/AA/wiki_76
209713282	1765391320	/Users/chetanpatil/Desktop/test/lab/infected/python/clean-nova-livnium/archives-local/ecw-BT/wikipedia/wiki_extractor_src/extracted/AA/wiki_82
209712133	1765387990	/Users/chetanpatil/Desktop/test/lab/infected/python/clean-nova-livnium/archives-local/ecw-BT/wikipedia/wiki_extractor_src/extracted/AA/wiki_54
209708134	1765387860	/Users/chetanpatil/Desktop/test/lab/infected/python/clean-nova-livnium/archives-local/ecw-BT/wikipedia/wiki_extractor_src/extracted/AA/wiki_53
140553687	1765393298	/Users/chetanpatil/Desktop/test/lab/infected/python/clean-nova-livnium/archives-local/ecw-BT/wikipedia/wiki_extractor_src/extracted/AA/wiki_98
209712733	1765392471	/Users/chetanpatil/Desktop/test/lab/infected/python/clean-nova-livnium/archives-local/ecw-BT/wikipedia/wiki_extractor_src/extracted/AA/wiki_91
209704307	1765389243	/Users/chetanpatil/Desktop/test/lab/infected/python/clean-nova-livnium/archives-local/ecw-BT/wikipedia/wiki_extractor_src/extracted/AA/wiki_65
209715161	1765388896	/Users/chetanpatil/Desktop/test/lab/infected/python/clean-nova-livnium/archives-local/ecw-BT/wikipedia/wiki_extractor_src/extracted/AA/wiki_62
209699806	1765393091	/Users/chetanpatil/Desktop/test/lab/infected/python/clean-nova-livnium/archives-local/ecw-BT/wikipedia/wiki_extractor_src/extracted/AA/wiki_96
209709480	1765384359	/Users/chetanpatil/Desktop/test/lab/infected/python/clean-nova-livnium/archives-local/ecw-BT/wikipedia/wiki_extractor_src/extracted/AA/wiki_09
209714661	1765386085	/Users/chetanpatil/Desktop/test/lab/infected/python/clean-nova-livnium/archives-local/ecw-BT/wikipedia/wiki_extractor_src/extracted/AA/wiki_36
209708169	1765385677	/Users/chetanpatil/Desktop/test/lab/infected/python/clean-nova-livnium/archives-local/ecw-BT/wikipedia/wiki_extractor_src/extracted/AA/wiki_31
209713516	1765386273	/Users/chetanpatil/Desktop/test/lab/infected/python/clean-nova-livnium/archives-local/ecw-BT/wikipedia/wiki_extractor_src/extracted/AA/wiki_38
209707066	1765384278	/Users/chetanpatil/Desktop/test/lab/infected/python/clean-nova-livnium/archives-local/ecw-BT/wikipedia/wiki_extractor_src/extracted/AA/wiki_07
209713461	1765384054	/Users/chetanpatil/Desktop/test/lab/infected/python/clean-nova-livnium/archives-local/ecw-BT/wikipedia/wiki_extractor_src/extracted/AA/wiki_00
209651672	1765393215	/Users/chetanpatil/Desktop/test/lab/infected/python/clean-nova-livnium/archives-local/ecw-BT/wikipedia/wiki_extractor_src/extracted/AA/wiki_97
209709270	1765389014	/Users/chetanpatil/Desktop/test/lab/infected/python/clean-nova-livnium/archives-local/ecw-BT/wikipedia/wiki_extractor_src/extracted/AA/wiki_63
209714013	1765389126	/Users/chetanpatil/Desktop/test/lab/infected/python/clean-nova-livnium/archives-local/ecw-BT/wikipedia/wiki_extractor_src/extracted/AA/wiki_64
209713917	1765392341	/Users/chetanpatil/Desktop/test/lab/infected/python/clean-nova-livnium/archives-local/ecw-BT/wikipedia/wiki_extractor_src/extracted/AA/wiki_90
209711185	1765387747	/Users/chetanpatil/Desktop/test/lab/infected/python/clean-nova-livnium/archives-local/ecw-BT/wikipedia/wiki_extractor_src/extracted/AA/wiki_52
209712054	1765388111	/Users/chetanpatil/Desktop/test/lab/infected/python/clean-nova-livnium/archives-local/ecw-BT/wikipedia/wiki_extractor_src/extracted/AA/wiki_55
209705890	1765384081	/Users/chetanpatil/Desktop/test/lab/infected/python/clean-nova-livnium/archives-local/ecw-BT/wikipedia/wiki_extractor_src/extracted/AA/wiki_01
209714857	1765386371	/Users/chetanpatil/Desktop/test/lab/infected/python/clean-nova-livnium/archives-local/ecw-BT/wikipedia/wiki_extractor_src/extracted/AA/wiki_39
209696630	1765384242	/Users/chetanpatil/Desktop/test/lab/infected/python/clean-nova-livnium/archives-local/ecw-BT/wikipedia/wiki_extractor_src/extracted/AA/wiki_06
209713109	1765385596	/Users/chetanpatil/Desktop/test/lab/infected/python/clean-nova-livnium/archives-local/ecw-BT/wikipedia/wiki_extractor_src/extracted/AA/wiki_30
209700068	1765384316	/Users/chetanpatil/Desktop/test/lab/infected/python/clean-nova-livnium/archives-local/ecw-BT/wikipedia/wiki_extractor_src/extracted/AA/wiki_08
209712770	1765386178	/Users/chetanpatil/Desktop/test/lab/infected/python/clean-nova-livnium/archives-local/ecw-BT/wikipedia/wiki_extractor_src/extracted/AA/wiki_37
40051088	1765757519	/Users/chetanpatil/Desktop/test/lab/infected/python/clean-nova-livnium/archives-local/ecw-BT/data/pairs/pairs_pos_052.bin
40131616	1765757518	/Users/chetanpatil/Desktop/test/lab/infected/python/clean-nova-livnium/archives-local/ecw-BT/data/pairs/pairs_pos_046.bin
40251168	1765757518	/Users/chetanpatil/Desktop/test/lab/infected/python/clean-nova-livnium/archives-local/ecw-BT/data/pairs/pairs_pos_047.bin
40035392	1765757519	/Users/chetanpatil/Desktop/test/lab/infected/python/clean-nova-livnium/archives-local/ecw-BT/data/pairs/pairs_pos_053.bin
40379024	1765757518	/Users/chetanpatil/Desktop/test/lab/infected/python/clean-nova-livnium/archives-local/ecw-BT/data/pairs/pairs_pos_045.bin
40427264	1765757519	/Users/chetanpatil/Desktop/test/lab/infected/python/clean-nova-livnium/archives-local/ecw-BT/data/pairs/pairs_pos_051.bin
40102176	1765757519	/Users/chetanpatil/Desktop/test/lab/infected/python/clean-nova-livnium/archives-local/ecw-BT/data/pairs/pairs_pos_050.bin
40265760	1765757518	/Users/chetanpatil/Desktop/test/lab/infected/python/clean-nova-livnium/archives-local/ecw-BT/data/pairs/pairs_pos_044.bin
40157296	1765757518	/Users/chetanpatil/Desktop/test/lab/infected/python/clean-nova-livnium/archives-local/ecw-BT/data/pairs/pairs_pos_040.bin
40805568	1765757519	/Users/chetanpatil/Desktop/test/lab/infected/python/clean-nova-livnium/archives-local/ecw-BT/data/pairs/pairs_pos_054.bin
40441392	1765757520	/Users/chetanpatil/Desktop/test/lab/infected/python/clean-nova-livnium/archives-local/ecw-BT/data/pairs/pairs_pos_055.bin
40064528	1765757518	/Users/chetanpatil/Desktop/test/lab/infected/python/clean-nova-livnium/archives-local/ecw-BT/data/pairs/pairs_pos_041.bin
40035872	1765757520	/Users/chetanpatil/Desktop/test/lab/infected/python/clean-nova-livnium/archives-local/ecw-BT/data/pairs/pairs_pos_057.bin
40704368	1765757518	/Users/chetanpatil/Desktop/test/lab/infected/python/clean-nova-livnium/archives-local/ecw-BT/data/pairs/pairs_pos_043.bin
40142960	1765757518	/Users/chetanpatil/Desktop/test/lab/infected/python/clean-nova-livnium/archives-local/ecw-BT/data/pairs/pairs_pos_042.bin
40131264	1765757520	/Users/chetanpatil/Desktop/test/lab/infected/python/clean-nova-livnium/archives-local/ecw-BT/data/pairs/pairs_pos_056.bin
40394016	1765757515	/Users/chetanpatil/Desktop/test/lab/infected/python/clean-nova-livnium/archives-local/ecw-BT/data/pairs/pairs_pos_019.bin
40211552	1765757516	/Users/chetanpatil/Desktop/test/lab/infected/python/clean-nova-livnium/archives-local/ecw-BT/data/pairs/pairs_pos_031.bin
40501152	1765757516	/Users/chetanpatil/Desktop/test/lab/infected/python/clean-nova-livnium/archives-local/ecw-BT/data/pairs/pairs_pos_025.bin
40429568	1765757516	/Users/chetanpatil/Desktop/test/lab/infected/python/clean-nova-livnium/archives-local/ecw-BT/data/pairs/pairs_pos_024.bin
40053952	1765757516	/Users/chetanpatil/Desktop/test/lab/infected/python/clean-nova-livnium/archives-local/ecw-BT/data/pairs/pairs_pos_030.bin
40161184	1765757515	/Users/chetanpatil/Desktop/test/lab/infected/python/clean-nova-livnium/archives-local/ecw-BT/data/pairs/pairs_pos_018.bin
40595440	1765757516	/Users/chetanpatil/Desktop/test/lab/infected/python/clean-nova-livnium/archives-local/ecw-BT/data/pairs/pairs_pos_026.bin
40411696	1765757517	/Users/chetanpatil/Desktop/test/lab/infected/python/clean-nova-livnium/archives-local/ecw-BT/data/pairs/pairs_pos_032.bin
40023696	1765757517	/Users/chetanpatil/Desktop/test/lab/infected/python/clean-nova-livnium/archives-local/ecw-BT/data/pairs/pairs_pos_033.bin
40024512	1765757516	/Users/chetanpatil/Desktop/test/lab/infected/python/clean-nova-livnium/archives-local/ecw-BT/data/pairs/pairs_pos_027.bin
40467568	1765757515	/Users/chetanpatil/Desktop/test/lab/infected/python/clean-nova-livnium/archives-local/ecw-BT/data/pairs/pairs_pos_023.bin
40720752	1765757517	/Users/chetanpatil/Desktop/test/lab/infected/python/clean-nova-livnium/archives-local/ecw-BT/data/pairs/pairs_pos_037.bin
40211152	1765757517	/Users/chetanpatil/Desktop/test/lab/infected/python/clean-nova-livnium/archives-local/ecw-BT/data/pairs/pairs_pos_036.bin
40073680	1765757515	/Users/chetanpatil/Desktop/test/lab/infected/python/clean-nova-livnium/archives-local/ecw-BT/data/pairs/pairs_pos_022.bin
40336480	1765757517	/Users/chetanpatil/Desktop/test/lab/infected/python/clean-nova-livnium/archives-local/ecw-BT/data/pairs/pairs_pos_034.bin
40226096	1765757515	/Users/chetanpatil/Desktop/test/lab/infected/python/clean-nova-livnium/archives-local/ecw-BT/data/pairs/pairs_pos_020.bin
40144640	1765757513	/Users/chetanpatil/Desktop/test/lab/infected/python/clean-nova-livnium/archives-local/ecw-BT/data/pairs/pairs_pos_008.bin
40221760	1765757514	/Users/chetanpatil/Desktop/test/lab/infected/python/clean-nova-livnium/archives-local/ecw-BT/data/pairs/pairs_pos_009.bin
41021440	1765757515	/Users/chetanpatil/Desktop/test/lab/infected/python/clean-nova-livnium/archives-local/ecw-BT/data/pairs/pairs_pos_021.bin
40093888	1765757517	/Users/chetanpatil/Desktop/test/lab/infected/python/clean-nova-livnium/archives-local/ecw-BT/data/pairs/pairs_pos_035.bin
40084128	1765757517	/Users/chetanpatil/Desktop/test/lab/infected/python/clean-nova-livnium/archives-local/ecw-BT/data/pairs/pairs_pos_038.bin
40230608	1765757514	/Users/chetanpatil/Desktop/test/lab/infected/python/clean-nova-livnium/archives-local/ecw-BT/data/pairs/pairs_pos_010.bin
40064608	1765757513	/Users/chetanpatil/Desktop/test/lab/infected/python/clean-nova-livnium/archives-local/ecw-BT/data/pairs/pairs_pos_004.bin
40048736	1765757513	/Users/chetanpatil/Desktop/test/lab/infected/python/clean-nova-livnium/archives-local/ecw-BT/data/pairs/pairs_pos_005.bin
40061568	1765757514	/Users/chetanpatil/Desktop/test/lab/infected/python/clean-nova-livnium/archives-local/ecw-BT/data/pairs/pairs_pos_011.bin
40121072	1765757517	/Users/chetanpatil/Desktop/test/lab/infected/python/clean-nova-livnium/archives-local/ecw-BT/data/pairs/pairs_pos_039.bin
40482704	1765757513	/Users/chetanpatil/Desktop/test/lab/infected/python/clean-nova-livnium/archives-local/ecw-BT/data/pairs/pairs_pos_007.bin
40642592	1765757514	/Users/chetanpatil/Desktop/test/lab/infected/python/clean-nova-livnium/archives-local/ecw-BT/data/pairs/pairs_pos_013.bin
40217952	1765757514	/Users/chetanpatil/Desktop/test/lab/infected/python/clean-nova-livnium/archives-local/ecw-BT/data/pairs/pairs_pos_012.bin
40105360	1765757513	/Users/chetanpatil/Desktop/test/lab/infected/python/clean-nova-livnium/archives-local/ecw-BT/data/pairs/pairs_pos_006.bin
40224224	1765757513	/Users/chetanpatil/Desktop/test/lab/infected/python/clean-nova-livnium/archives-local/ecw-BT/data/pairs/pairs_pos_002.bin
40643520	1765757514	/Users/chetanpatil/Desktop/test/lab/infected/python/clean-nova-livnium/archives-local/ecw-BT/data/pairs/pairs_pos_016.bin
40324848	1765757515	/Users/chetanpatil/Desktop/test/lab/infected/python/clean-nova-livnium/archives-local/ecw-BT/data/pairs/pairs_pos_017.bin
40196160	1765757513	/Users/chetanpatil/Desktop/test/lab/infected/python/clean-nova-livnium/archives-local/ecw-BT/data/pairs/pairs_pos_003.bin
40031120	1765757514	/Users/chetanpatil/Desktop/test/lab/infected/python/clean-nova-livnium/archives-local/ecw-BT/data/pairs/pairs_pos_015.bin
40194336	1765757512	/Users/chetanpatil/Desktop/test/lab/infected/python/clean-nova-livnium/archives-local/ecw-BT/data/pairs/pairs_pos_001.bin
40915264	1765757516	/Users/chetanpatil/Desktop/test/lab/infected/python/clean-nova-livnium/archives-local/ecw-BT/data/pairs/pairs_pos_029.bin
40126416	1765757516	/Users/chetanpatil/Desktop/test/lab/infected/python/clean-nova-livnium/archives-local/ecw-BT/data/pairs/pairs_pos_028.bin
40074224	1765757512	/Users/chetanpatil/Desktop/test/lab/infected/python/clean-nova-livnium/archives-local/ecw-BT/data/pairs/pairs_pos_000.bin
40140816	1765757514	/Users/chetanpatil/Desktop/test/lab/infected/python/clean-nova-livnium/archives-local/ecw-BT/data/pairs/pairs_pos_014.bin
40336288	1765757520	/Users/chetanpatil/Desktop/test/lab/infected/python/clean-nova-livnium/archives-local/ecw-BT/data/pairs/pairs_pos_058.bin
40007504	1765757520	/Users/chetanpatil/Desktop/test/lab/infected/python/clean-nova-livnium/archives-local/ecw-BT/data/pairs/pairs_pos_059.bin
40035376	1765757520	/Users/chetanpatil/Desktop/test/lab/infected/python/clean-nova-livnium/archives-local/ecw-BT/data/pairs/pairs_pos_061.bin
40116928	1765757519	/Users/chetanpatil/Desktop/test/lab/infected/python/clean-nova-livnium/archives-local/ecw-BT/data/pairs/pairs_pos_049.bin
40167856	1765757519	/Users/chetanpatil/Desktop/test/lab/infected/python/clean-nova-livnium/archives-local/ecw-BT/data/pairs/pairs_pos_048.bin
40042448	1765757520	/Users/chetanpatil/Desktop/test/lab/infected/python/clean-nova-livnium/archives-local/ecw-BT/data/pairs/pairs_pos_060.bin
7257120	1765757520	/Users/chetanpatil/Desktop/test/lab/infected/python/clean-nova-livnium/archives-local/ecw-BT/data/pairs/pairs_pos_062.bin
51200128	1765757579	/Users/chetanpatil/Desktop/test/lab/infected/python/clean-nova-livnium/archives-local/ecw-BT/data/V_seed.npy
8229187	1765757496	/Users/chetanpatil/Desktop/test/lab/infected/python/clean-nova-livnium/archives-local/ecw-BT/data/mass_table.json
51200128	1773295479	/Users/chetanpatil/Desktop/test/lab/infected/python/clean-nova-livnium/archives-local/ecw-BT/data/ecw_bt_vectors.npy
9730457	1765531145	/Users/chetanpatil/Desktop/test/lab/infected/python/clean-nova-livnium/archives-local/arch-archive/experiments/NLI-ALL/nli/data/snli_1.0_test.jsonl
9745714	1765531145	/Users/chetanpatil/Desktop/test/lab/infected/python/clean-nova-livnium/archives-local/arch-archive/experiments/NLI-ALL/nli/data/snli_1.0_dev.jsonl
487457790	1765531146	/Users/chetanpatil/Desktop/test/lab/infected/python/clean-nova-livnium/archives-local/arch-archive/experiments/NLI-ALL/nli/data/snli_1.0_train.jsonl
9730457	1765531146	/Users/chetanpatil/Desktop/test/lab/infected/python/clean-nova-livnium/archives-local/arch-archive/experiments/NLI-ALL/nli_v5/data/snli_1.0_test.jsonl
9745714	1765531146	/Users/chetanpatil/Desktop/test/lab/infected/python/clean-nova-livnium/archives-local/arch-archive/experiments/NLI-ALL/nli_v5/data/snli_1.0_dev.jsonl
487457790	1765531146	/Users/chetanpatil/Desktop/test/lab/infected/python/clean-nova-livnium/archives-local/arch-archive/experiments/NLI-ALL/nli_v5/data/snli_1.0_train.jsonl
437971872	1765531191	/Users/chetanpatil/Desktop/test/lab/infected/python/clean-nova-livnium/archives-local/arch-archive/brain/emb_cache/models--sentence-transformers--all-mpnet-base-v2/blobs/78c0197b6159d92658e319bc1d72e4c73a9a03dd03815e70e555c5ef05615658
9730457	1765263035	/Users/chetanpatil/Desktop/test/lab/infected/python/clean-nova-livnium/archives-local/nova_v3/data/snli/snli_1.0_test.jsonl
9745714	1765263034	/Users/chetanpatil/Desktop/test/lab/infected/python/clean-nova-livnium/archives-local/nova_v3/data/snli/snli_1.0_dev.jsonl
487457790	1765263035	/Users/chetanpatil/Desktop/test/lab/infected/python/clean-nova-livnium/archives-local/nova_v3/data/snli/snli_1.0_train.jsonl
1977246848	1765485709	/Users/chetanpatil/Desktop/test/lab/infected/python/clean-nova-livnium/archives-local/nova_v4/checkpoints/vectors_pairwise.npy
9730457	1765276799	/Users/chetanpatil/Desktop/test/lab/infected/python/clean-nova-livnium/archives-local/nova_v4/data/snli/snli_1.0_test.jsonl
9745714	1765276799	/Users/chetanpatil/Desktop/test/lab/infected/python/clean-nova-livnium/archives-local/nova_v4/data/snli/snli_1.0_dev.jsonl
487457790	1765276799	/Users/chetanpatil/Desktop/test/lab/infected/python/clean-nova-livnium/archives-local/nova_v4/data/snli/snli_1.0_train.jsonl
10797148	1767111623	/Users/chetanpatil/Desktop/test/lab/infected/python/clean-nova-livnium/livnium/data/wikitext/train.txt
9625828	1767313118	/Users/chetanpatil/Desktop/test/lab/infected/python/clean-nova-livnium/logs/autopoiesis.csv
58182258	1767027872	/Users/chetanpatil/Desktop/test/lab/infected/python/clean-nova-livnium/data/quantum/corpus.txt
17525620	1767293630	/Users/chetanpatil/Desktop/test/lab/infected/python/clean-nova-livnium/archives-public/rule30/PHASE11/results/global_reconstructor_n6_w32.pkl
120960128	1767293675	/Users/chetanpatil/Desktop/test/lab/infected/python/clean-nova-livnium/archives-public/rule30/PHASE11/results/patch_x_63d.npy
22052783	1767293954	/Users/chetanpatil/Desktop/test/lab/infected/python/clean-nova-livnium/archives-public/rule30/PHASE11/results/n8_perfect_decoder.pkl
25200128	1767293597	/Users/chetanpatil/Desktop/test/lab/infected/python/clean-nova-livnium/archives-public/rule30/PHASE11/results/global_x_63d.npy
17716624	1767293179	/Users/chetanpatil/Desktop/test/lab/infected/python/clean-nova-livnium/archives-public/rule30/PHASE10/results/nonlinear_dynamics_raw_n6.pkl
10080128	1767292231	/Users/chetanpatil/Desktop/test/lab/infected/python/clean-nova-livnium/archives-public/rule30/PHASE9/results/trajectory_free_n6.npy
104000128	1767292385	/Users/chetanpatil/Desktop/test/lab/infected/python/clean-nova-livnium/archives-public/rule30/PHASE9/results/trajectory_full_n6_large.npy
20800128	1767292231	/Users/chetanpatil/Desktop/test/lab/infected/python/clean-nova-livnium/archives-public/rule30/PHASE9/results/trajectory_full_n6.npy
50400128	1767292385	/Users/chetanpatil/Desktop/test/lab/infected/python/clean-nova-livnium/archives-public/rule30/PHASE9/results/trajectory_free_n6_large.npy
12400128	1767292094	/Users/chetanpatil/Desktop/test/lab/infected/python/clean-nova-livnium/archives-public/rule30/PHASE8/results/trajectory_free_n5_large.npy
26400128	1767292094	/Users/chetanpatil/Desktop/test/lab/infected/python/clean-nova-livnium/archives-public/rule30/PHASE8/results/trajectory_full_n5_large.npy
49581211	1767329913	/Users/chetanpatil/Desktop/test/lab/infected/python/clean-nova-livnium/archives-public/semantics/backups/pure_100k/emergent.pt
35120227	1767380010	/Users/chetanpatil/Desktop/test/lab/infected/python/clean-nova-livnium/archives-public/semantics/02_reasoner/models/cache_10000_1000.pt
17415809	1767382977	/Users/chetanpatil/Desktop/test/lab/infected/python/clean-nova-livnium/archives-public/reasoner_cache_0_5000.pt
393351920	1763048432	/Users/chetanpatil/Desktop/test/lab/infected/python/clean-nova-livnium 2/layers/layer0/brain/growth_journal.msgpack
437971872	1762708118	/Users/chetanpatil/Desktop/test/lab/infected/python/clean-nova-livnium 2/brain/emb_cache/models--sentence-transformers--all-mpnet-base-v2/blobs/78c0197b6159d92658e319bc1d72e4c73a9a03dd03815e70e555c5ef05615658
90868376	1762702438	/Users/chetanpatil/Desktop/test/lab/infected/python/clean-nova-livnium 2/brain/emb_cache/models--sentence-transformers--all-MiniLM-L6-v2/blobs/53aa51172d142c89d9012cce15ae4d6cc0ca6895895114379cacb4fab128d9db
5429386	1763048466	/Users/chetanpatil/Desktop/test/lab/infected/python/clean-nova-livnium 2/brain/token_cache/token_features.json
9730457	1439832866	/Users/chetanpatil/Desktop/test/lab/infected/python/clean-nova-livnium 2/data/snli_1.0_test.jsonl
9745714	1762608937	/Users/chetanpatil/Desktop/test/lab/infected/python/clean-nova-livnium 2/data/snli_1.0_dev.jsonl
487457790	1762075809	/Users/chetanpatil/Desktop/test/lab/infected/python/clean-nova-livnium 2/data/snli_1.0_train.jsonl
9730457	1439832866	/Users/chetanpatil/Desktop/test/lab/infected/python/nova-livnium/data/snli_1.0_test.jsonl
487457790	1762075809	/Users/chetanpatil/Desktop/test/lab/infected/python/nova-livnium/data/snli_1.0_train.jsonl
7608211	1633509125	/Users/chetanpatil/Desktop/test/lab/infected/projects/legal_auditor/data/contract_nli/contract-nli/train.json
65362913	1770422836	/Users/chetanpatil/Desktop/test/lab/infected/projects/legal_auditor/data/contract_nli/contract-nli.zip
40128638	1615381844	/Users/chetanpatil/Desktop/test/lab/infected/projects/legal_auditor/data/cuad/CUAD_v1/CUAD_v1.json
105883672	1770422877	/Users/chetanpatil/Desktop/test/lab/infected/projects/legal_auditor/data/cuad/CUAD_v1.zip
94550081	1770436108	/Users/chetanpatil/Desktop/test/lab/infected/projects/snli/data/snli_1.0.zip
375697923	1439832912	/Users/chetanpatil/Desktop/test/lab/infected/projects/snli/data/snli_1.0/snli_1.0_train.txt
9730457	1439832866	/Users/chetanpatil/Desktop/test/lab/infected/projects/snli/data/snli_1.0/snli_1.0_test.jsonl
7565773	1439832864	/Users/chetanpatil/Desktop/test/lab/infected/projects/snli/data/snli_1.0/snli_1.0_dev.txt
9745714	1439832862	/Users/chetanpatil/Desktop/test/lab/infected/projects/snli/data/snli_1.0/snli_1.0_dev.jsonl
7550390	1439832868	/Users/chetanpatil/Desktop/test/lab/infected/projects/snli/data/snli_1.0/snli_1.0_test.txt
487457790	1439832892	/Users/chetanpatil/Desktop/test/lab/infected/projects/snli/data/snli_1.0/snli_1.0_train.jsonl
55967215	1770430182	/Users/chetanpatil/Desktop/test/lab/infected/projects/chat_crystal/train_data.json
273158043	1770429723	/Users/chetanpatil/Desktop/test/lab/infected/projects/chat_crystal/assets/conversations.json
55967215	1770430074	/Users/chetanpatil/Desktop/test/lab/infected/projects/chat_crystal/assets/flattened_conversations.json
6984490	1767470166	/Users/chetanpatil/Desktop/test/lab/infected/workspace/livnium_core/memory/.mypy_cache/3.10/numpy/__init__.data.json
9730457	1767484208	/Users/chetanpatil/Desktop/test/lab/infected/workspace/livnium_nlp/experiments/data/snli_1.0_test.jsonl
9745714	1767484208	/Users/chetanpatil/Desktop/test/lab/infected/workspace/livnium_nlp/experiments/data/snli_1.0_dev.jsonl
487457790	1767484209	/Users/chetanpatil/Desktop/test/lab/infected/workspace/livnium_nlp/experiments/data/snli_1.0_train.jsonl
273158043	1767731200	/Users/chetanpatil/Desktop/test/lab/infected/workspace/clean-nova-livnium/nova/data/conversations.json
141525559	1767731200	/Users/chetanpatil/Desktop/test/lab/infected/workspace/clean-nova-livnium/nova/data/extracted_dataset.jsonl
5326635	1767731073	/Users/chetanpatil/Desktop/test/lab/infected/workspace/clean-nova-livnium/archives-local/ecw-BT/tools/galaxy_map_hd.html
209715158	1767731167	/Users/chetanpatil/Desktop/test/lab/infected/workspace/clean-nova-livnium/archives-local/ecw-BT/wikipedia/wiki_extractor_src/extracted/AA/wiki_73
209705622	1767731169	/Users/chetanpatil/Desktop/test/lab/infected/workspace/clean-nova-livnium/archives-local/ecw-BT/wikipedia/wiki_extractor_src/extracted/AA/wiki_87
209714280	1767731168	/Users/chetanpatil/Desktop/test/lab/infected/workspace/clean-nova-livnium/archives-local/ecw-BT/wikipedia/wiki_extractor_src/extracted/AA/wiki_80
209671084	1767731168	/Users/chetanpatil/Desktop/test/lab/infected/workspace/clean-nova-livnium/archives-local/ecw-BT/wikipedia/wiki_extractor_src/extracted/AA/wiki_74
209713001	1767731169	/Users/chetanpatil/Desktop/test/lab/infected/workspace/clean-nova-livnium/archives-local/ecw-BT/wikipedia/wiki_extractor_src/extracted/AA/wiki_89
209715164	1767731164	/Users/chetanpatil/Desktop/test/lab/infected/workspace/clean-nova-livnium/archives-local/ecw-BT/wikipedia/wiki_extractor_src/extracted/AA/wiki_42
209715091	1767731164	/Users/chetanpatil/Desktop/test/lab/infected/workspace/clean-nova-livnium/archives-local/ecw-BT/wikipedia/wiki_extractor_src/extracted/AA/wiki_45
209710084	1767731161	/Users/chetanpatil/Desktop/test/lab/infected/workspace/clean-nova-livnium/archives-local/ecw-BT/wikipedia/wiki_extractor_src/extracted/AA/wiki_11
209699076	1767731161	/Users/chetanpatil/Desktop/test/lab/infected/workspace/clean-nova-livnium/archives-local/ecw-BT/wikipedia/wiki_extractor_src/extracted/AA/wiki_16
209714461	1767731163	/Users/chetanpatil/Desktop/test/lab/infected/workspace/clean-nova-livnium/archives-local/ecw-BT/wikipedia/wiki_extractor_src/extracted/AA/wiki_29
209712764	1767731162	/Users/chetanpatil/Desktop/test/lab/infected/workspace/clean-nova-livnium/archives-local/ecw-BT/wikipedia/wiki_extractor_src/extracted/AA/wiki_20
209714659	1767731163	/Users/chetanpatil/Desktop/test/lab/infected/workspace/clean-nova-livnium/archives-local/ecw-BT/wikipedia/wiki_extractor_src/extracted/AA/wiki_27
209715098	1767731162	/Users/chetanpatil/Desktop/test/lab/infected/workspace/clean-nova-livnium/archives-local/ecw-BT/wikipedia/wiki_extractor_src/extracted/AA/wiki_18
209713535	1767731164	/Users/chetanpatil/Desktop/test/lab/infected/workspace/clean-nova-livnium/archives-local/ecw-BT/wikipedia/wiki_extractor_src/extracted/AA/wiki_44
209701808	1767731169	/Users/chetanpatil/Desktop/test/lab/infected/workspace/clean-nova-livnium/archives-local/ecw-BT/wikipedia/wiki_extractor_src/extracted/AA/wiki_88
209713849	1767731164	/Users/chetanpatil/Desktop/test/lab/infected/workspace/clean-nova-livnium/archives-local/ecw-BT/wikipedia/wiki_extractor_src/extracted/AA/wiki_43
209713230	1767731168	/Users/chetanpatil/Desktop/test/lab/infected/workspace/clean-nova-livnium/archives-local/ecw-BT/wikipedia/wiki_extractor_src/extracted/AA/wiki_75
209715171	1767731168	/Users/chetanpatil/Desktop/test/lab/infected/workspace/clean-nova-livnium/archives-local/ecw-BT/wikipedia/wiki_extractor_src/extracted/AA/wiki_81
209713815	1767731169	/Users/chetanpatil/Desktop/test/lab/infected/workspace/clean-nova-livnium/archives-local/ecw-BT/wikipedia/wiki_extractor_src/extracted/AA/wiki_86
209714489	1767731167	/Users/chetanpatil/Desktop/test/lab/infected/workspace/clean-nova-livnium/archives-local/ecw-BT/wikipedia/wiki_extractor_src/extracted/AA/wiki_72
209672299	1767731162	/Users/chetanpatil/Desktop/test/lab/infected/workspace/clean-nova-livnium/archives-local/ecw-BT/wikipedia/wiki_extractor_src/extracted/AA/wiki_26
209709189	1767731162	/Users/chetanpatil/Desktop/test/lab/infected/workspace/clean-nova-livnium/archives-local/ecw-BT/wikipedia/wiki_extractor_src/extracted/AA/wiki_19
209654371	1767731162	/Users/chetanpatil/Desktop/test/lab/infected/workspace/clean-nova-livnium/archives-local/ecw-BT/wikipedia/wiki_extractor_src/extracted/AA/wiki_21
209710012	1767731161	/Users/chetanpatil/Desktop/test/lab/infected/workspace/clean-nova-livnium/archives-local/ecw-BT/wikipedia/wiki_extractor_src/extracted/AA/wiki_17
209707952	1767731163	/Users/chetanpatil/Desktop/test/lab/infected/workspace/clean-nova-livnium/archives-local/ecw-BT/wikipedia/wiki_extractor_src/extracted/AA/wiki_28
209710761	1767731161	/Users/chetanpatil/Desktop/test/lab/infected/workspace/clean-nova-livnium/archives-local/ecw-BT/wikipedia/wiki_extractor_src/extracted/AA/wiki_10
209685684	1767731163	/Users/chetanpatil/Desktop/test/lab/infected/workspace/clean-nova-livnium/archives-local/ecw-BT/wikipedia/wiki_extractor_src/extracted/AA/wiki_32
209714072	1767731163	/Users/chetanpatil/Desktop/test/lab/infected/workspace/clean-nova-livnium/archives-local/ecw-BT/wikipedia/wiki_extractor_src/extracted/AA/wiki_35
209708111	1767731160	/Users/chetanpatil/Desktop/test/lab/infected/workspace/clean-nova-livnium/archives-local/ecw-BT/wikipedia/wiki_extractor_src/extracted/AA/wiki_03
209670331	1767731160	/Users/chetanpatil/Desktop/test/lab/infected/workspace/clean-nova-livnium/archives-local/ecw-BT/wikipedia/wiki_extractor_src/extracted/AA/wiki_04
209713963	1767731165	/Users/chetanpatil/Desktop/test/lab/infected/workspace/clean-nova-livnium/archives-local/ecw-BT/wikipedia/wiki_extractor_src/extracted/AA/wiki_50
209713026	1767731166	/Users/chetanpatil/Desktop/test/lab/infected/workspace/clean-nova-livnium/archives-local/ecw-BT/wikipedia/wiki_extractor_src/extracted/AA/wiki_57
209715157	1767731167	/Users/chetanpatil/Desktop/test/lab/infected/workspace/clean-nova-livnium/archives-local/ecw-BT/wikipedia/wiki_extractor_src/extracted/AA/wiki_68
209711909	1767731166	/Users/chetanpatil/Desktop/test/lab/infected/workspace/clean-nova-livnium/archives-local/ecw-BT/wikipedia/wiki_extractor_src/extracted/AA/wiki_61
209712617	1767731170	/Users/chetanpatil/Desktop/test/lab/infected/workspace/clean-nova-livnium/archives-local/ecw-BT/wikipedia/wiki_extractor_src/extracted/AA/wiki_95
209714871	1767731170	/Users/chetanpatil/Desktop/test/lab/infected/workspace/clean-nova-livnium/archives-local/ecw-BT/wikipedia/wiki_extractor_src/extracted/AA/wiki_92
209713661	1767731167	/Users/chetanpatil/Desktop/test/lab/infected/workspace/clean-nova-livnium/archives-local/ecw-BT/wikipedia/wiki_extractor_src/extracted/AA/wiki_66
209715093	1767731166	/Users/chetanpatil/Desktop/test/lab/infected/workspace/clean-nova-livnium/archives-local/ecw-BT/wikipedia/wiki_extractor_src/extracted/AA/wiki_59
209692888	1767731160	/Users/chetanpatil/Desktop/test/lab/infected/workspace/clean-nova-livnium/archives-local/ecw-BT/wikipedia/wiki_extractor_src/extracted/AA/wiki_05
209709725	1767731160	/Users/chetanpatil/Desktop/test/lab/infected/workspace/clean-nova-livnium/archives-local/ecw-BT/wikipedia/wiki_extractor_src/extracted/AA/wiki_02
209712508	1767731163	/Users/chetanpatil/Desktop/test/lab/infected/workspace/clean-nova-livnium/archives-local/ecw-BT/wikipedia/wiki_extractor_src/extracted/AA/wiki_34
209703601	1767731163	/Users/chetanpatil/Desktop/test/lab/infected/workspace/clean-nova-livnium/archives-local/ecw-BT/wikipedia/wiki_extractor_src/extracted/AA/wiki_33
209713960	1767731167	/Users/chetanpatil/Desktop/test/lab/infected/workspace/clean-nova-livnium/archives-local/ecw-BT/wikipedia/wiki_extractor_src/extracted/AA/wiki_67
209714807	1767731170	/Users/chetanpatil/Desktop/test/lab/infected/workspace/clean-nova-livnium/archives-local/ecw-BT/wikipedia/wiki_extractor_src/extracted/AA/wiki_93
209712645	1767731166	/Users/chetanpatil/Desktop/test/lab/infected/workspace/clean-nova-livnium/archives-local/ecw-BT/wikipedia/wiki_extractor_src/extracted/AA/wiki_58
209701377	1767731170	/Users/chetanpatil/Desktop/test/lab/infected/workspace/clean-nova-livnium/archives-local/ecw-BT/wikipedia/wiki_extractor_src/extracted/AA/wiki_94
209714507	1767731166	/Users/chetanpatil/Desktop/test/lab/infected/workspace/clean-nova-livnium/archives-local/ecw-BT/wikipedia/wiki_extractor_src/extracted/AA/wiki_60
209692563	1767731166	/Users/chetanpatil/Desktop/test/lab/infected/workspace/clean-nova-livnium/archives-local/ecw-BT/wikipedia/wiki_extractor_src/extracted/AA/wiki_56
209714859	1767731167	/Users/chetanpatil/Desktop/test/lab/infected/workspace/clean-nova-livnium/archives-local/ecw-BT/wikipedia/wiki_extractor_src/extracted/AA/wiki_69
209711539	1767731165	/Users/chetanpatil/Desktop/test/lab/infected/workspace/clean-nova-livnium/archives-local/ecw-BT/wikipedia/wiki_extractor_src/extracted/AA/wiki_51
209712843	1767731161	/Users/chetanpatil/Desktop/test/lab/infected/workspace/clean-nova-livnium/archives-local/ecw-BT/wikipedia/wiki_extractor_src/extracted/AA/wiki_15
209701668	1767731161	/Users/chetanpatil/Desktop/test/lab/infected/workspace/clean-nova-livnium/archives-local/ecw-BT/wikipedia/wiki_extractor_src/extracted/AA/wiki_12
209714948	1767731162	/Users/chetanpatil/Desktop/test/lab/infected/workspace/clean-nova-livnium/archives-local/ecw-BT/wikipedia/wiki_extractor_src/extracted/AA/wiki_24
209714943	1767731162	/Users/chetanpatil/Desktop/test/lab/infected/workspace/clean-nova-livnium/archives-local/ecw-BT/wikipedia/wiki_extractor_src/extracted/AA/wiki_23
209712281	1767731165	/Users/chetanpatil/Desktop/test/lab/infected/workspace/clean-nova-livnium/archives-local/ecw-BT/wikipedia/wiki_extractor_src/extracted/AA/wiki_48
209714814	1767731169	/Users/chetanpatil/Desktop/test/lab/infected/workspace/clean-nova-livnium/archives-local/ecw-BT/wikipedia/wiki_extractor_src/extracted/AA/wiki_83
209714021	1767731168	/Users/chetanpatil/Desktop/test/lab/infected/workspace/clean-nova-livnium/archives-local/ecw-BT/wikipedia/wiki_extractor_src/extracted/AA/wiki_77
209714701	1767731167	/Users/chetanpatil/Desktop/test/lab/infected/workspace/clean-nova-livnium/archives-local/ecw-BT/wikipedia/wiki_extractor_src/extracted/AA/wiki_70
209652445	1767731169	/Users/chetanpatil/Desktop/test/lab/infected/workspace/clean-nova-livnium/archives-local/ecw-BT/wikipedia/wiki_extractor_src/extracted/AA/wiki_84
209715074	1767731168	/Users/chetanpatil/Desktop/test/lab/infected/workspace/clean-nova-livnium/archives-local/ecw-BT/wikipedia/wiki_extractor_src/extracted/AA/wiki_79
209667657	1767731165	/Users/chetanpatil/Desktop/test/lab/infected/workspace/clean-nova-livnium/archives-local/ecw-BT/wikipedia/wiki_extractor_src/extracted/AA/wiki_46
209714875	1767731164	/Users/chetanpatil/Desktop/test/lab/infected/workspace/clean-nova-livnium/archives-local/ecw-BT/wikipedia/wiki_extractor_src/extracted/AA/wiki_41
209698506	1767731162	/Users/chetanpatil/Desktop/test/lab/infected/workspace/clean-nova-livnium/archives-local/ecw-BT/wikipedia/wiki_extractor_src/extracted/AA/wiki_22
209690704	1767731162	/Users/chetanpatil/Desktop/test/lab/infected/workspace/clean-nova-livnium/archives-local/ecw-BT/wikipedia/wiki_extractor_src/extracted/AA/wiki_25
209714321	1767731161	/Users/chetanpatil/Desktop/test/lab/infected/workspace/clean-nova-livnium/archives-local/ecw-BT/wikipedia/wiki_extractor_src/extracted/AA/wiki_13
209714437	1767731161	/Users/chetanpatil/Desktop/test/lab/infected/workspace/clean-nova-livnium/archives-local/ecw-BT/wikipedia/wiki_extractor_src/extracted/AA/wiki_14
209713591	1767731164	/Users/chetanpatil/Desktop/test/lab/infected/workspace/clean-nova-livnium/archives-local/ecw-BT/wikipedia/wiki_extractor_src/extracted/AA/wiki_40
209713508	1767731168	/Users/chetanpatil/Desktop/test/lab/infected/workspace/clean-nova-livnium/archives-local/ecw-BT/wikipedia/wiki_extractor_src/extracted/AA/wiki_78
209706304	1767731165	/Users/chetanpatil/Desktop/test/lab/infected/workspace/clean-nova-livnium/archives-local/ecw-BT/wikipedia/wiki_extractor_src/extracted/AA/wiki_47
209714863	1767731169	/Users/chetanpatil/Desktop/test/lab/infected/workspace/clean-nova-livnium/archives-local/ecw-BT/wikipedia/wiki_extractor_src/extracted/AA/wiki_85
209706108	1767731167	/Users/chetanpatil/Desktop/test/lab/infected/workspace/clean-nova-livnium/archives-local/ecw-BT/wikipedia/wiki_extractor_src/extracted/AA/wiki_71
209707266	1767731165	/Users/chetanpatil/Desktop/test/lab/infected/workspace/clean-nova-livnium/archives-local/ecw-BT/wikipedia/wiki_extractor_src/extracted/AA/wiki_49
209704750	1767731168	/Users/chetanpatil/Desktop/test/lab/infected/workspace/clean-nova-livnium/archives-local/ecw-BT/wikipedia/wiki_extractor_src/extracted/AA/wiki_76
209713282	1767731169	/Users/chetanpatil/Desktop/test/lab/infected/workspace/clean-nova-livnium/archives-local/ecw-BT/wikipedia/wiki_extractor_src/extracted/AA/wiki_82
209712133	1767731166	/Users/chetanpatil/Desktop/test/lab/infected/workspace/clean-nova-livnium/archives-local/ecw-BT/wikipedia/wiki_extractor_src/extracted/AA/wiki_54
209708134	1767731165	/Users/chetanpatil/Desktop/test/lab/infected/workspace/clean-nova-livnium/archives-local/ecw-BT/wikipedia/wiki_extractor_src/extracted/AA/wiki_53
140553687	1767731170	/Users/chetanpatil/Desktop/test/lab/infected/workspace/clean-nova-livnium/archives-local/ecw-BT/wikipedia/wiki_extractor_src/extracted/AA/wiki_98
209712733	1767731170	/Users/chetanpatil/Desktop/test/lab/infected/workspace/clean-nova-livnium/archives-local/ecw-BT/wikipedia/wiki_extractor_src/extracted/AA/wiki_91
209704307	1767731167	/Users/chetanpatil/Desktop/test/lab/infected/workspace/clean-nova-livnium/archives-local/ecw-BT/wikipedia/wiki_extractor_src/extracted/AA/wiki_65
209715161	1767731166	/Users/chetanpatil/Desktop/test/lab/infected/workspace/clean-nova-livnium/archives-local/ecw-BT/wikipedia/wiki_extractor_src/extracted/AA/wiki_62
209699806	1767731170	/Users/chetanpatil/Desktop/test/lab/infected/workspace/clean-nova-livnium/archives-local/ecw-BT/wikipedia/wiki_extractor_src/extracted/AA/wiki_96
209709480	1767731161	/Users/chetanpatil/Desktop/test/lab/infected/workspace/clean-nova-livnium/archives-local/ecw-BT/wikipedia/wiki_extractor_src/extracted/AA/wiki_09
209714661	1767731164	/Users/chetanpatil/Desktop/test/lab/infected/workspace/clean-nova-livnium/archives-local/ecw-BT/wikipedia/wiki_extractor_src/extracted/AA/wiki_36
209708169	1767731163	/Users/chetanpatil/Desktop/test/lab/infected/workspace/clean-nova-livnium/archives-local/ecw-BT/wikipedia/wiki_extractor_src/extracted/AA/wiki_31
209713516	1767731164	/Users/chetanpatil/Desktop/test/lab/infected/workspace/clean-nova-livnium/archives-local/ecw-BT/wikipedia/wiki_extractor_src/extracted/AA/wiki_38
209707066	1767731160	/Users/chetanpatil/Desktop/test/lab/infected/workspace/clean-nova-livnium/archives-local/ecw-BT/wikipedia/wiki_extractor_src/extracted/AA/wiki_07
209713461	1767731159	/Users/chetanpatil/Desktop/test/lab/infected/workspace/clean-nova-livnium/archives-local/ecw-BT/wikipedia/wiki_extractor_src/extracted/AA/wiki_00
209651672	1767731170	/Users/chetanpatil/Desktop/test/lab/infected/workspace/clean-nova-livnium/archives-local/ecw-BT/wikipedia/wiki_extractor_src/extracted/AA/wiki_97
209709270	1767731166	/Users/chetanpatil/Desktop/test/lab/infected/workspace/clean-nova-livnium/archives-local/ecw-BT/wikipedia/wiki_extractor_src/extracted/AA/wiki_63
209714013	1767731167	/Users/chetanpatil/Desktop/test/lab/infected/workspace/clean-nova-livnium/archives-local/ecw-BT/wikipedia/wiki_extractor_src/extracted/AA/wiki_64
209713917	1767731169	/Users/chetanpatil/Desktop/test/lab/infected/workspace/clean-nova-livnium/archives-local/ecw-BT/wikipedia/wiki_extractor_src/extracted/AA/wiki_90
209711185	1767731165	/Users/chetanpatil/Desktop/test/lab/infected/workspace/clean-nova-livnium/archives-local/ecw-BT/wikipedia/wiki_extractor_src/extracted/AA/wiki_52
209712054	1767731166	/Users/chetanpatil/Desktop/test/lab/infected/workspace/clean-nova-livnium/archives-local/ecw-BT/wikipedia/wiki_extractor_src/extracted/AA/wiki_55
209705890	1767731160	/Users/chetanpatil/Desktop/test/lab/infected/workspace/clean-nova-livnium/archives-local/ecw-BT/wikipedia/wiki_extractor_src/extracted/AA/wiki_01
209714857	1767731164	/Users/chetanpatil/Desktop/test/lab/infected/workspace/clean-nova-livnium/archives-local/ecw-BT/wikipedia/wiki_extractor_src/extracted/AA/wiki_39
209696630	1767731160	/Users/chetanpatil/Desktop/test/lab/infected/workspace/clean-nova-livnium/archives-local/ecw-BT/wikipedia/wiki_extractor_src/extracted/AA/wiki_06
209713109	1767731163	/Users/chetanpatil/Desktop/test/lab/infected/workspace/clean-nova-livnium/archives-local/ecw-BT/wikipedia/wiki_extractor_src/extracted/AA/wiki_30
209700068	1767731160	/Users/chetanpatil/Desktop/test/lab/infected/workspace/clean-nova-livnium/archives-local/ecw-BT/wikipedia/wiki_extractor_src/extracted/AA/wiki_08
209712770	1767731164	/Users/chetanpatil/Desktop/test/lab/infected/workspace/clean-nova-livnium/archives-local/ecw-BT/wikipedia/wiki_extractor_src/extracted/AA/wiki_37
40051088	1767731072	/Users/chetanpatil/Desktop/test/lab/infected/workspace/clean-nova-livnium/archives-local/ecw-BT/data/pairs/pairs_pos_052.bin
40131616	1767731072	/Users/chetanpatil/Desktop/test/lab/infected/workspace/clean-nova-livnium/archives-local/ecw-BT/data/pairs/pairs_pos_046.bin
40251168	1767731072	/Users/chetanpatil/Desktop/test/lab/infected/workspace/clean-nova-livnium/archives-local/ecw-BT/data/pairs/pairs_pos_047.bin
40035392	1767731072	/Users/chetanpatil/Desktop/test/lab/infected/workspace/clean-nova-livnium/archives-local/ecw-BT/data/pairs/pairs_pos_053.bin
40379024	1767731072	/Users/chetanpatil/Desktop/test/lab/infected/workspace/clean-nova-livnium/archives-local/ecw-BT/data/pairs/pairs_pos_045.bin
40427264	1767731072	/Users/chetanpatil/Desktop/test/lab/infected/workspace/clean-nova-livnium/archives-local/ecw-BT/data/pairs/pairs_pos_051.bin
40102176	1767731072	/Users/chetanpatil/Desktop/test/lab/infected/workspace/clean-nova-livnium/archives-local/ecw-BT/data/pairs/pairs_pos_050.bin
40265760	1767731072	/Users/chetanpatil/Desktop/test/lab/infected/workspace/clean-nova-livnium/archives-local/ecw-BT/data/pairs/pairs_pos_044.bin
40157296	1767731072	/Users/chetanpatil/Desktop/test/lab/infected/workspace/clean-nova-livnium/archives-local/ecw-BT/data/pairs/pairs_pos_040.bin
40805568	1767731072	/Users/chetanpatil/Desktop/test/lab/infected/workspace/clean-nova-livnium/archives-local/ecw-BT/data/pairs/pairs_pos_054.bin
40441392	1767731072	/Users/chetanpatil/Desktop/test/lab/infected/workspace/clean-nova-livnium/archives-local/ecw-BT/data/pairs/pairs_pos_055.bin
40064528	1767731072	/Users/chetanpatil/Desktop/test/lab/infected/workspace/clean-nova-livnium/archives-local/ecw-BT/data/pairs/pairs_pos_041.bin
40035872	1767731073	/Users/chetanpatil/Desktop/test/lab/infected/workspace/clean-nova-livnium/archives-local/ecw-BT/data/pairs/pairs_pos_057.bin
40704368	1767731072	/Users/chetanpatil/Desktop/test/lab/infected/workspace/clean-nova-livnium/archives-local/ecw-BT/data/pairs/pairs_pos_043.bin
40142960	1767731072	/Users/chetanpatil/Desktop/test/lab/infected/workspace/clean-nova-livnium/archives-local/ecw-BT/data/pairs/pairs_pos_042.bin
40131264	1767731073	/Users/chetanpatil/Desktop/test/lab/infected/workspace/clean-nova-livnium/archives-local/ecw-BT/data/pairs/pairs_pos_056.bin
40394016	1767731071	/Users/chetanpatil/Desktop/test/lab/infected/workspace/clean-nova-livnium/archives-local/ecw-BT/data/pairs/pairs_pos_019.bin
40211552	1767731072	/Users/chetanpatil/Desktop/test/lab/infected/workspace/clean-nova-livnium/archives-local/ecw-BT/data/pairs/pairs_pos_031.bin
40501152	1767731071	/Users/chetanpatil/Desktop/test/lab/infected/workspace/clean-nova-livnium/archives-local/ecw-BT/data/pairs/pairs_pos_025.bin
40429568	1767731071	/Users/chetanpatil/Desktop/test/lab/infected/workspace/clean-nova-livnium/archives-local/ecw-BT/data/pairs/pairs_pos_024.bin
40053952	1767731072	/Users/chetanpatil/Desktop/test/lab/infected/workspace/clean-nova-livnium/archives-local/ecw-BT/data/pairs/pairs_pos_030.bin
40161184	1767731071	/Users/chetanpatil/Desktop/test/lab/infected/workspace/clean-nova-livnium/archives-local/ecw-BT/data/pairs/pairs_pos_018.bin
40595440	1767731071	/Users/chetanpatil/Desktop/test/lab/infected/workspace/clean-nova-livnium/archives-local/ecw-BT/data/pairs/pairs_pos_026.bin
40411696	1767731072	/Users/chetanpatil/Desktop/test/lab/infected/workspace/clean-nova-livnium/archives-local/ecw-BT/data/pairs/pairs_pos_032.bin
40023696	1767731072	/Users/chetanpatil/Desktop/test/lab/infected/workspace/clean-nova-livnium/archives-local/ecw-BT/data/pairs/pairs_pos_033.bin
40024512	1767731071	/Users/chetanpatil/Desktop/test/lab/infected/workspace/clean-nova-livnium/archives-local/ecw-BT/data/pairs/pairs_pos_027.bin
40467568	1767731071	/Users/chetanpatil/Desktop/test/lab/infected/workspace/clean-nova-livnium/archives-local/ecw-BT/data/pairs/pairs_pos_023.bin
40720752	1767731072	/Users/chetanpatil/Desktop/test/lab/infected/workspace/clean-nova-livnium/archives-local/ecw-BT/data/pairs/pairs_pos_037.bin
40211152	1767731072	/Users/chetanpatil/Desktop/test/lab/infected/workspace/clean-nova-livnium/archives-local/ecw-BT/data/pairs/pairs_pos_036.bin
40073680	1767731071	/Users/chetanpatil/Desktop/test/lab/infected/workspace/clean-nova-livnium/archives-local/ecw-BT/data/pairs/pairs_pos_022.bin
40336480	1767731072	/Users/chetanpatil/Desktop/test/lab/infected/workspace/clean-nova-livnium/archives-local/ecw-BT/data/pairs/pairs_pos_034.bin
40226096	1767731071	/Users/chetanpatil/Desktop/test/lab/infected/workspace/clean-nova-livnium/archives-local/ecw-BT/data/pairs/pairs_pos_020.bin
40144640	1767731071	/Users/chetanpatil/Desktop/test/lab/infected/workspace/clean-nova-livnium/archives-local/ecw-BT/data/pairs/pairs_pos_008.bin
40221760	1767731071	/Users/chetanpatil/Desktop/test/lab/infected/workspace/clean-nova-livnium/archives-local/ecw-BT/data/pairs/pairs_pos_009.bin
41021440	1767731071	/Users/chetanpatil/Desktop/test/lab/infected/workspace/clean-nova-livnium/archives-local/ecw-BT/data/pairs/pairs_pos_021.bin
40093888	1767731072	/Users/chetanpatil/Desktop/test/lab/infected/workspace/clean-nova-livnium/archives-local/ecw-BT/data/pairs/pairs_pos_035.bin
40084128	1767731072	/Users/chetanpatil/Desktop/test/lab/infected/workspace/clean-nova-livnium/archives-local/ecw-BT/data/pairs/pairs_pos_038.bin
40230608	1767731071	/Users/chetanpatil/Desktop/test/lab/infected/workspace/clean-nova-livnium/archives-local/ecw-BT/data/pairs/pairs_pos_010.bin
40064608	1767731070	/Users/chetanpatil/Desktop/test/lab/infected/workspace/clean-nova-livnium/archives-local/ecw-BT/data/pairs/pairs_pos_004.bin
40048736	1767731070	/Users/chetanpatil/Desktop/test/lab/infected/workspace/clean-nova-livnium/archives-local/ecw-BT/data/pairs/pairs_pos_005.bin
40061568	1767731071	/Users/chetanpatil/Desktop/test/lab/infected/workspace/clean-nova-livnium/archives-local/ecw-BT/data/pairs/pairs_pos_011.bin
40121072	1767731072	/Users/chetanpatil/Desktop/test/lab/infected/workspace/clean-nova-livnium/archives-local/ecw-BT/data/pairs/pairs_pos_039.bin
40482704	1767731071	/Users/chetanpatil/Desktop/test/lab/infected/workspace/clean-nova-livnium/archives-local/ecw-BT/data/pairs/pairs_pos_007.bin
40642592	1767731071	/Users/chetanpatil/Desktop/test/lab/infected/workspace/clean-nova-livnium/archives-local/ecw-BT/data/pairs/pairs_pos_013.bin
40217952	1767731071	/Users/chetanpatil/Desktop/test/lab/infected/workspace/clean-nova-livnium/archives-local/ecw-BT/data/pairs/pairs_pos_012.bin
40105360	1767731071	/Users/chetanpatil/Desktop/test/lab/infected/workspace/clean-nova-livnium/archives-local/ecw-BT/data/pairs/pairs_pos_006.bin
40224224	1767731070	/Users/chetanpatil/Desktop/test/lab/infected/workspace/clean-nova-livnium/archives-local/ecw-BT/data/pairs/pairs_pos_002.bin
40643520	1767731071	/Users/chetanpatil/Desktop/test/lab/infected/workspace/clean-nova-livnium/archives-local/ecw-BT/data/pairs/pairs_pos_016.bin
40324848	1767731071	/Users/chetanpatil/Desktop/test/lab/infected/workspace/clean-nova-livnium/archives-local/ecw-BT/data/pairs/pairs_pos_017.bin
40196160	1767731070	/Users/chetanpatil/Desktop/test/lab/infected/workspace/clean-nova-livnium/archives-local/ecw-BT/data/pairs/pairs_pos_003.bin
40031120	1767731071	/Users/chetanpatil/Desktop/test/lab/infected/workspace/clean-nova-livnium/archives-local/ecw-BT/data/pairs/pairs_pos_015.bin
40194336	1767731070	/Users/chetanpatil/Desktop/test/lab/infected/workspace/clean-nova-livnium/archives-local/ecw-BT/data/pairs/pairs_pos_001.bin
40915264	1767731072	/Users/chetanpatil/Desktop/test/lab/infected/workspace/clean-nova-livnium/archives-local/ecw-BT/data/pairs/pairs_pos_029.bin
40126416	1767731071	/Users/chetanpatil/Desktop/test/lab/infected/workspace/clean-nova-livnium/archives-local/ecw-BT/data/pairs/pairs_pos_028.bin
40074224	1767731070	/Users/chetanpatil/Desktop/test/lab/infected/workspace/clean-nova-livnium/archives-local/ecw-BT/data/pairs/pairs_pos_000.bin
40140816	1767731071	/Users/chetanpatil/Desktop/test/lab/infected/workspace/clean-nova-livnium/archives-local/ecw-BT/data/pairs/pairs_pos_014.bin
40336288	1767731073	/Users/chetanpatil/Desktop/test/lab/infected/workspace/clean-nova-livnium/archives-local/ecw-BT/data/pairs/pairs_pos_058.bin
40007504	1767731073	/Users/chetanpatil/Desktop/test/lab/infected/workspace/clean-nova-livnium/archives-local/ecw-BT/data/pairs/pairs_pos_059.bin
40035376	1767731073	/Users/chetanpatil/Desktop/test/lab/infected/workspace/clean-nova-livnium/archives-local/ecw-BT/data/pairs/pairs_pos_061.bin
40116928	1767731072	/Users/chetanpatil/Desktop/test/lab/infected/workspace/clean-nova-livnium/archives-local/ecw-BT/data/pairs/pairs_pos_049.bin
40167856	1767731072	/Users/chetanpatil/Desktop/test/lab/infected/workspace/clean-nova-livnium/archives-local/ecw-BT/data/pairs/pairs_pos_048.bin
40042448	1767731073	/Users/chetanpatil/Desktop/test/lab/infected/workspace/clean-nova-livnium/archives-local/ecw-BT/data/pairs/pairs_pos_060.bin
7257120	1767731073	/Users/chetanpatil/Desktop/test/lab/infected/workspace/clean-nova-livnium/archives-local/ecw-BT/data/pairs/pairs_pos_062.bin
51200128	1767731070	/Users/chetanpatil/Desktop/test/lab/infected/workspace/clean-nova-livnium/archives-local/ecw-BT/data/V_seed.npy
8229187	1767731070	/Users/chetanpatil/Desktop/test/lab/infected/workspace/clean-nova-livnium/archives-local/ecw-BT/data/mass_table.json
9730457	1767731067	/Users/chetanpatil/Desktop/test/lab/infected/workspace/clean-nova-livnium/archives-local/arch-archive/experiments/NLI-ALL/nli/data/snli_1.0_test.jsonl
9745714	1767731067	/Users/chetanpatil/Desktop/test/lab/infected/workspace/clean-nova-livnium/archives-local/arch-archive/experiments/NLI-ALL/nli/data/snli_1.0_dev.jsonl
487457790	1767731067	/Users/chetanpatil/Desktop/test/lab/infected/workspace/clean-nova-livnium/archives-local/arch-archive/experiments/NLI-ALL/nli/data/snli_1.0_train.jsonl
9730457	1767731067	/Users/chetanpatil/Desktop/test/lab/infected/workspace/clean-nova-livnium/archives-local/arch-archive/experiments/NLI-ALL/nli_v5/data/snli_1.0_test.jsonl
9745714	1767731067	/Users/chetanpatil/Desktop/test/lab/infected/workspace/clean-nova-livnium/archives-local/arch-archive/experiments/NLI-ALL/nli_v5/data/snli_1.0_dev.jsonl
487457790	1767731068	/Users/chetanpatil/Desktop/test/lab/infected/workspace/clean-nova-livnium/archives-local/arch-archive/experiments/NLI-ALL/nli_v5/data/snli_1.0_train.jsonl
437971872	1767731066	/Users/chetanpatil/Desktop/test/lab/infected/workspace/clean-nova-livnium/archives-local/arch-archive/brain/emb_cache/models--sentence-transformers--all-mpnet-base-v2/blobs/78c0197b6159d92658e319bc1d72e4c73a9a03dd03815e70e555c5ef05615658
9730457	1767731170	/Users/chetanpatil/Desktop/test/lab/infected/workspace/clean-nova-livnium/archives-local/nova_v3/data/snli/snli_1.0_test.jsonl
9745714	1767731170	/Users/chetanpatil/Desktop/test/lab/infected/workspace/clean-nova-livnium/archives-local/nova_v3/data/snli/snli_1.0_dev.jsonl
487457790	1767731171	/Users/chetanpatil/Desktop/test/lab/infected/workspace/clean-nova-livnium/archives-local/nova_v3/data/snli/snli_1.0_train.jsonl
1977246848	1767731172	/Users/chetanpatil/Desktop/test/lab/infected/workspace/clean-nova-livnium/archives-local/nova_v4/checkpoints/vectors_pairwise.npy
9730457	1767731172	/Users/chetanpatil/Desktop/test/lab/infected/workspace/clean-nova-livnium/archives-local/nova_v4/data/snli/snli_1.0_test.jsonl
9745714	1767731172	/Users/chetanpatil/Desktop/test/lab/infected/workspace/clean-nova-livnium/archives-local/nova_v4/data/snli/snli_1.0_dev.jsonl
487457790	1767731173	/Users/chetanpatil/Desktop/test/lab/infected/workspace/clean-nova-livnium/archives-local/nova_v4/data/snli/snli_1.0_train.jsonl
420300724	1767731199	/Users/chetanpatil/Desktop/test/lab/infected/workspace/clean-nova-livnium/models/world_conversational_w1_epoch1.pt
9730457	1767731198	/Users/chetanpatil/Desktop/test/lab/infected/workspace/clean-nova-livnium/livnium/domains/snli/data/snli_1.0_test.jsonl
9745714	1767731198	/Users/chetanpatil/Desktop/test/lab/infected/workspace/clean-nova-livnium/livnium/domains/snli/data/snli_1.0_dev.jsonl
487457790	1767731199	/Users/chetanpatil/Desktop/test/lab/infected/workspace/clean-nova-livnium/livnium/domains/snli/data/snli_1.0_train.jsonl
10797148	1767731198	/Users/chetanpatil/Desktop/test/lab/infected/workspace/clean-nova-livnium/livnium/data/wikitext/train.txt
9625828	1767731199	/Users/chetanpatil/Desktop/test/lab/infected/workspace/clean-nova-livnium/logs/autopoiesis.csv
58182258	1767731196	/Users/chetanpatil/Desktop/test/lab/infected/workspace/clean-nova-livnium/data/quantum/corpus.txt
17525620	1767731179	/Users/chetanpatil/Desktop/test/lab/infected/workspace/clean-nova-livnium/archives-public/rule30/PHASE11/results/global_reconstructor_n6_w32.pkl
120960128	1767731179	/Users/chetanpatil/Desktop/test/lab/infected/workspace/clean-nova-livnium/archives-public/rule30/PHASE11/results/patch_x_63d.npy
22052783	1767731179	/Users/chetanpatil/Desktop/test/lab/infected/workspace/clean-nova-livnium/archives-public/rule30/PHASE11/results/n8_perfect_decoder.pkl
25200128	1767731179	/Users/chetanpatil/Desktop/test/lab/infected/workspace/clean-nova-livnium/archives-public/rule30/PHASE11/results/global_x_63d.npy
17716624	1767731174	/Users/chetanpatil/Desktop/test/lab/infected/workspace/clean-nova-livnium/archives-public/rule30/PHASE10/results/nonlinear_dynamics_raw_n6.pkl
10080128	1767731181	/Users/chetanpatil/Desktop/test/lab/infected/workspace/clean-nova-livnium/archives-public/rule30/PHASE9/results/trajectory_free_n6.npy
104000128	1767731181	/Users/chetanpatil/Desktop/test/lab/infected/workspace/clean-nova-livnium/archives-public/rule30/PHASE9/results/trajectory_full_n6_large.npy
20800128	1767731181	/Users/chetanpatil/Desktop/test/lab/infected/workspace/clean-nova-livnium/archives-public/rule30/PHASE9/results/trajectory_full_n6.npy
50400128	1767731181	/Users/chetanpatil/Desktop/test/lab/infected/workspace/clean-nova-livnium/archives-public/rule30/PHASE9/results/trajectory_free_n6_large.npy
12400128	1767731180	/Users/chetanpatil/Desktop/test/lab/infected/workspace/clean-nova-livnium/archives-public/rule30/PHASE8/results/trajectory_free_n5_large.npy
26400128	1767731180	/Users/chetanpatil/Desktop/test/lab/infected/workspace/clean-nova-livnium/archives-public/rule30/PHASE8/results/trajectory_full_n5_large.npy
49672389	1767731181	/Users/chetanpatil/Desktop/test/lab/infected/workspace/clean-nova-livnium/archives-public/semantics/01_organism/models/emergent.pt
49581211	1767731182	/Users/chetanpatil/Desktop/test/lab/infected/workspace/clean-nova-livnium/archives-public/semantics/backups/pure_100k/emergent.pt
35120227	1767731182	/Users/chetanpatil/Desktop/test/lab/infected/workspace/clean-nova-livnium/archives-public/semantics/02_reasoner/models/cache_10000_1000.pt
9730457	1767731194	/Users/chetanpatil/Desktop/test/lab/infected/workspace/clean-nova-livnium/archives-public/snli_relational/data/snli_1.0_test.jsonl
298157010	1767731195	/Users/chetanpatil/Desktop/test/lab/infected/workspace/clean-nova-livnium/archives-public/snli_relational/data/target_graduation.jsonl
9745714	1767731194	/Users/chetanpatil/Desktop/test/lab/infected/workspace/clean-nova-livnium/archives-public/snli_relational/data/snli_1.0_dev.jsonl
487457790	1767731195	/Users/chetanpatil/Desktop/test/lab/infected/workspace/clean-nova-livnium/archives-public/snli_relational/data/snli_1.0_train.jsonl
17415809	1767731174	/Users/chetanpatil/Desktop/test/lab/infected/workspace/clean-nova-livnium/archives-public/reasoner_cache_0_5000.pt
17525620	1770443748	/Users/chetanpatil/Desktop/test/lab/flutter/realcore/learn/rule30/PHASE11/results/global_reconstructor_n6_w32.pkl
120960128	1770443748	/Users/chetanpatil/Desktop/test/lab/flutter/realcore/learn/rule30/PHASE11/results/patch_x_63d.npy
22052783	1770443748	/Users/chetanpatil/Desktop/test/lab/flutter/realcore/learn/rule30/PHASE11/results/n8_perfect_decoder.pkl
25200128	1770443748	/Users/chetanpatil/Desktop/test/lab/flutter/realcore/learn/rule30/PHASE11/results/global_x_63d.npy
17716624	1770443746	/Users/chetanpatil/Desktop/test/lab/flutter/realcore/learn/rule30/PHASE10/results/nonlinear_dynamics_raw_n6.pkl
10080128	1770443749	/Users/chetanpatil/Desktop/test/lab/flutter/realcore/learn/rule30/PHASE9/results/trajectory_free_n6.npy
104000128	1770443749	/Users/chetanpatil/Desktop/test/lab/flutter/realcore/learn/rule30/PHASE9/results/trajectory_full_n6_large.npy
20800128	1770443749	/Users/chetanpatil/Desktop/test/lab/flutter/realcore/learn/rule30/PHASE9/results/trajectory_full_n6.npy
50400128	1770443749	/Users/chetanpatil/Desktop/test/lab/flutter/realcore/learn/rule30/PHASE9/results/trajectory_free_n6_large.npy
12400128	1770443749	/Users/chetanpatil/Desktop/test/lab/flutter/realcore/learn/rule30/PHASE8/results/trajectory_free_n5_large.npy
26400128	1770443749	/Users/chetanpatil/Desktop/test/lab/flutter/realcore/learn/rule30/PHASE8/results/trajectory_full_n5_large.npy
533504630	1770766901	/Users/chetanpatil/Desktop/test/lab/idea/snli_court/snli_full_charhash_dim256_seed0.npz
10477520	1770766375	/Users/chetanpatil/Desktop/test/lab/idea/snli_court/snli_charhash_dim256.npz
91325226	1762082606	/Users/chetanpatil/Desktop/test/nova/semantic_decoder_trained.pt
487457790	1762075809	/Users/chetanpatil/Desktop/test/nova/data/snli_1.0_train.jsonl
41014193	1773281980	/Users/chetanpatil/Desktop/test/livnium.core-0.0.1-multi-basin.zip
188317403	1773137102	/Users/chetanpatil/Desktop/test/state/exp_snli/karmic/basin.json.ledger_archive.jsonl
65476543	1773267082	/Users/chetanpatil/Desktop/test/state/exp_snli/naive_pull_cheatFalse/basin.json.ledger_archive.jsonl
188316479	1773137071	/Users/chetanpatil/Desktop/test/state/exp_snli/naive_both/basin.json.ledger_archive.jsonl
188317184	1773137040	/Users/chetanpatil/Desktop/test/state/exp_snli/naive_pull/basin.json.ledger_archive.jsonl
65647581	1773267145	/Users/chetanpatil/Desktop/test/state/exp_snli/karmic_cheatFalse/basin.json.ledger_archive.jsonl
65476578	1773267111	/Users/chetanpatil/Desktop/test/state/exp_snli/naive_both_cheatFalse/basin.json.ledger_archive.jsonl
80973227	1773136230	/Users/chetanpatil/Desktop/test/state/exp_sliding/karmic_with_memory/basin.json.ledger_archive.jsonl
74673553	1773136212	/Users/chetanpatil/Desktop/test/state/exp_sliding/naive_both_with_memory/basin.json.ledger_archive.jsonl
81080771	1773136196	/Users/chetanpatil/Desktop/test/state/exp_sliding/naive_pull_with_memory/basin.json.ledger_archive.jsonl
10222700	1773135070	/Users/chetanpatil/Desktop/test/state/cmp_lattice.json.ledger_archive.jsonl
21176256	1781370085	/Users/chetanpatil/Desktop/test/_rung2_emb.npz
56409822	1773281493	/Users/chetanpatil/Desktop/test/livnium.core-0.0.3.zip
10022274	1773183812	/Users/chetanpatil/Desktop/test/GitNexus-main/gitnexus-web/public/wasm/kuzu-wasm.wasm
52614341	1781758455	/Users/chetanpatil/Desktop/test/collapse_retrain/model_nli_v1/nli_epoch23.pt
52587067	1773314057	/Users/chetanpatil/Desktop/test/collapse_retrain/model_collapse1/quantum_embeddings_final.pt
52587139	1773312265	/Users/chetanpatil/Desktop/test/collapse_retrain/model_collapse1/quantum_embed_epoch1.pt
52587139	1773314057	/Users/chetanpatil/Desktop/test/collapse_retrain/model_collapse1/quantum_embed_epoch3.pt
52587139	1773313067	/Users/chetanpatil/Desktop/test/collapse_retrain/model_collapse1/quantum_embed_epoch2.pt
52587067	1773309105	/Users/chetanpatil/Desktop/test/collapse_retrain/model_full_physics/quantum_embeddings_final.pt
52587139	1773304688	/Users/chetanpatil/Desktop/test/collapse_retrain/model_full_physics/quantum_embed_epoch1.pt
52587139	1773309105	/Users/chetanpatil/Desktop/test/collapse_retrain/model_full_physics/quantum_embed_epoch3.pt
52587139	1773306903	/Users/chetanpatil/Desktop/test/collapse_retrain/model_full_physics/quantum_embed_epoch2.pt
52276959	1773320401	/Users/chetanpatil/Desktop/test/livnium-sacred/snli-models/barrier-0/best_model.pt
52276959	1773321991	/Users/chetanpatil/Desktop/test/livnium-sacred/snli-models/collapse4-dynamic-038/best_model.pt
52024245	1773317216	/Users/chetanpatil/Desktop/test/livnium-sacred/snli-models/collapse1-static/best_model.pt
52587067	1773317215	/Users/chetanpatil/Desktop/test/livnium-sacred/quantum-embeddings/collapse1/quantum_embeddings_final.pt
52587067	1773317213	/Users/chetanpatil/Desktop/test/livnium-sacred/quantum-embeddings/collapse4/quantum_embeddings_final.pt
9730457	1773317799	/Users/chetanpatil/Desktop/test/livnium-sacred/data/snli/snli_1.0_test.jsonl
9745714	1773317799	/Users/chetanpatil/Desktop/test/livnium-sacred/data/snli/snli_1.0_dev.jsonl
487457790	1773317798	/Users/chetanpatil/Desktop/test/livnium-sacred/data/snli/snli_1.0_train.jsonl
9730457	1767314174	/Users/chetanpatil/Desktop/test/data/snli_1.0_test.jsonl
9745714	1767314174	/Users/chetanpatil/Desktop/test/data/snli_1.0_dev.jsonl
487457790	1767314175	/Users/chetanpatil/Desktop/test/data/snli_1.0_train.jsonl
273158043	1770429723	/Users/chetanpatil/Desktop/core/conversations.json
17525620	1770443748	/Users/chetanpatil/Desktop/core/learn/rule30/PHASE11/results/global_reconstructor_n6_w32.pkl
120960128	1770443748	/Users/chetanpatil/Desktop/core/learn/rule30/PHASE11/results/patch_x_63d.npy
22052783	1770443748	/Users/chetanpatil/Desktop/core/learn/rule30/PHASE11/results/n8_perfect_decoder.pkl
25200128	1770443748	/Users/chetanpatil/Desktop/core/learn/rule30/PHASE11/results/global_x_63d.npy
17716624	1770443746	/Users/chetanpatil/Desktop/core/learn/rule30/PHASE10/results/nonlinear_dynamics_raw_n6.pkl
10080128	1770443749	/Users/chetanpatil/Desktop/core/learn/rule30/PHASE9/results/trajectory_free_n6.npy
104000128	1770443749	/Users/chetanpatil/Desktop/core/learn/rule30/PHASE9/results/trajectory_full_n6_large.npy
20800128	1770443749	/Users/chetanpatil/Desktop/core/learn/rule30/PHASE9/results/trajectory_full_n6.npy
50400128	1770443749	/Users/chetanpatil/Desktop/core/learn/rule30/PHASE9/results/trajectory_free_n6_large.npy
12400128	1770443749	/Users/chetanpatil/Desktop/core/learn/rule30/PHASE8/results/trajectory_free_n5_large.npy
26400128	1770443749	/Users/chetanpatil/Desktop/core/learn/rule30/PHASE8/results/trajectory_full_n5_large.npy
55967215	1770430074	/Users/chetanpatil/Desktop/core/flattened_conversations.json
9730457	1773317799	/Users/chetanpatil/Desktop/livnium/data/snli/snli_1.0_test.jsonl
58539766	1773476981	/Users/chetanpatil/Desktop/livnium/data/snli/snli_clean_train.jsonl
9745714	1773317799	/Users/chetanpatil/Desktop/livnium/data/snli/snli_1.0_dev.jsonl
487457790	1773317798	/Users/chetanpatil/Desktop/livnium/data/snli/snli_1.0_train.jsonl
53551715	1773650684	/Users/chetanpatil/Desktop/livnium/runs/alpha_gated_v1/best_model.pt
53352803	1773647677	/Users/chetanpatil/Desktop/livnium/runs/my_run/best_model.pt
52281312	1773520075	/Users/chetanpatil/Desktop/livnium/runs/triple_crown_slow/best_model.pt
53347937	1773610400	/Users/chetanpatil/Desktop/livnium/pretrained/memory3_run/best_model.pt
52280031	1773599868	/Users/chetanpatil/Desktop/livnium/pretrained/lyapunov_run/best_model.pt
52587067	1773317215	/Users/chetanpatil/Desktop/livnium/pretrained/collapse1/quantum_embeddings_final.pt
53328800	1773605844	/Users/chetanpatil/Desktop/livnium/pretrained/infersent_run/best_model.pt
52587067	1773317213	/Users/chetanpatil/Desktop/livnium/pretrained/collapse4/quantum_embeddings_final.pt
553551497	1773477019	/Users/chetanpatil/Desktop/livnium-sacred/archive/misc/snli-cache-clean/train.pt
9756213	1773477020	/Users/chetanpatil/Desktop/livnium-sacred/archive/misc/snli-cache-clean/dev.pt
52279967	1773457893	/Users/chetanpatil/Desktop/livnium-sacred/archive/snli-models/snli-models/v4-frozen-encoder/best_model.pt
52280159	1773458646	/Users/chetanpatil/Desktop/livnium-sacred/archive/snli-models/snli-models/v4-merged/best_model.pt
52276959	1773320401	/Users/chetanpatil/Desktop/livnium-sacred/archive/snli-models/snli-models/barrier-0/best_model.pt
52279775	1773441641	/Users/chetanpatil/Desktop/livnium-sacred/archive/snli-models/snli-models/alpha-0/best_model.pt
52276959	1773321991	/Users/chetanpatil/Desktop/livnium-sacred/archive/snli-models/snli-models/collapse4-dynamic-038/best_model.pt
52279135	1773393451	/Users/chetanpatil/Desktop/livnium-sacred/archive/snli-models/snli-models/fixb-neutral-boost/best_model.pt
52279711	1773421637	/Users/chetanpatil/Desktop/livnium-sacred/archive/snli-models/snli-models/fixb-v5-positional/best_model.pt
52279135	1773394649	/Users/chetanpatil/Desktop/livnium-sacred/archive/snli-models/snli-models/fixb-neutral-boosted/best_model.pt
52279711	1773394949	/Users/chetanpatil/Desktop/livnium-sacred/archive/snli-models/snli-models/fixb-v2-honest/best_model.pt
52024245	1773317216	/Users/chetanpatil/Desktop/livnium-sacred/archive/snli-models/snli-models/collapse1-static/best_model.pt
54921517	1773436670	/Users/chetanpatil/Desktop/livnium-sacred/archive/snli-models/snli-models/fixb-v6-crossattn/best_model.pt
52279711	1773396716	/Users/chetanpatil/Desktop/livnium-sacred/archive/snli-models/snli-models/fixb-v3-closed/best_model.pt
52281312	1773516795	/Users/chetanpatil/Desktop/livnium-sacred/archive/non-pipeline/checkpoints/triple_crown_slow/best_model.pt
844807177	1773448461	/Users/chetanpatil/Desktop/livnium-sacred/archive/non-pipeline/snli-cache/train.pt
15139189	1773448462	/Users/chetanpatil/Desktop/livnium-sacred/archive/non-pipeline/snli-cache/dev.pt
52281312	1773479889	/Users/chetanpatil/Desktop/livnium-sacred/archive/runs/triple_crown_clean/best_model.pt
52276959	1773320401	/Users/chetanpatil/Desktop/livnium-sacred copy/snli-models/barrier-0/best_model.pt
52276959	1773321991	/Users/chetanpatil/Desktop/livnium-sacred copy/snli-models/collapse4-dynamic-038/best_model.pt
52024245	1773317216	/Users/chetanpatil/Desktop/livnium-sacred copy/snli-models/collapse1-static/best_model.pt
52587067	1773317215	/Users/chetanpatil/Desktop/livnium-sacred copy/quantum-embeddings/collapse1/quantum_embeddings_final.pt
52587067	1773317213	/Users/chetanpatil/Desktop/livnium-sacred copy/quantum-embeddings/collapse4/quantum_embeddings_final.pt
9730457	1773317799	/Users/chetanpatil/Desktop/livnium-sacred copy/data/snli/snli_1.0_test.jsonl
9745714	1773317799	/Users/chetanpatil/Desktop/livnium-sacred copy/data/snli/snli_1.0_dev.jsonl
487457790	1773317798	/Users/chetanpatil/Desktop/livnium-sacred copy/data/snli/snli_1.0_train.jsonl
